s_name,aumdate,aumtotal,fincode,invdate,noshares,percent_aum
Axis Bluechip Fund-Reg(G),2023-11-30T00:00:00.000Z,31816.15,100180,2023-11-30T00:00:00.000Z,18705000,9.16
Axis Bluechip Fund-Reg(G),2023-11-30T00:00:00.000Z,31816.15,132174,2023-11-30T00:00:00.000Z,27849000,8.18
Axis Bluechip Fund-Reg(G),2023-11-30T00:00:00.000Z,31816.15,100034,2023-11-30T00:00:00.000Z,3348482,7.50
Axis Bluechip Fund-Reg(G),2023-11-30T00:00:00.000Z,31816.15,223595,2023-11-30T00:00:00.000Z,4944109,6.14
Axis Bluechip Fund-Reg(G),2023-11-30T00:00:00.000Z,31816.15,132540,2023-11-30T00:00:00.000Z,4915118,5.39
Axis Bluechip Fund-Reg(G),2023-11-30T00:00:00.000Z,31816.15,100325,2023-11-30T00:00:00.000Z,6884000,5.14
Axis Bluechip Fund-Reg(G),2023-11-30T00:00:00.000Z,31816.15,100510,2023-11-30T00:00:00.000Z,4676667,4.57
Axis Bluechip Fund-Reg(G),2023-11-30T00:00:00.000Z,31816.15,100209,2023-11-30T00:00:00.000Z,8880235,4.06
Axis Bluechip Fund-Reg(G),2023-11-30T00:00:00.000Z,31816.15,132454,2023-11-30T00:00:00.000Z,10006362,3.19
Axis Bluechip Fund-Reg(G),2023-11-30T00:00:00.000Z,31816.15,132538,2023-11-30T00:00:00.000Z,1112364,3.15
Axis Bluechip Fund-Reg(G),2023-11-30T00:00:00.000Z,31816.15,100570,2023-11-30T00:00:00.000Z,13168737,2.92
Axis Bluechip Fund-Reg(G),2023-11-30T00:00:00.000Z,31816.15,100520,2023-11-30T00:00:00.000Z,5454521,2.82
Axis Bluechip Fund-Reg(G),2023-11-30T00:00:00.000Z,31816.15,124715,2023-11-30T00:00:00.000Z,6950290,2.68
Axis Bluechip Fund-Reg(G),2023-11-30T00:00:00.000Z,31816.15,100114,2023-11-30T00:00:00.000Z,2426408,2.66
Axis Bluechip Fund-Reg(G),2023-11-30T00:00:00.000Z,31816.15,100790,2023-11-30T00:00:00.000Z,347482,2.65
Axis Bluechip Fund-Reg(G),2023-11-30T00:00:00.000Z,31816.15,200132,2023-11-30T00:00:00.000Z,1160699,2.22
Axis Bluechip Fund-Reg(G),2023-11-30T00:00:00.000Z,31816.15,111243,2023-11-30T00:00:00.000Z,6237190,2.19
Axis Bluechip Fund-Reg(G),2023-11-30T00:00:00.000Z,31816.15,132500,2023-11-30T00:00:00.000Z,602368,2.01
Axis Bluechip Fund-Reg(G),2023-11-30T00:00:00.000Z,31816.15,205198,2023-11-30T00:00:00.000Z,3809216,2.00
Axis Bluechip Fund-Reg(G),2023-11-30T00:00:00.000Z,31816.15,100247,2023-11-30T00:00:00.000Z,3592000,1.98
Axis Bluechip Fund-Reg(G),2023-11-30T00:00:00.000Z,31816.15,132777,2023-11-30T00:00:00.000Z,1127297,1.63
Axis Bluechip Fund-Reg(G),2023-11-30T00:00:00.000Z,31816.15,132868,2023-11-30T00:00:00.000Z,8241986,1.62
Axis Bluechip Fund-Reg(G),2023-11-30T00:00:00.000Z,31816.15,100696,2023-11-30T00:00:00.000Z,1997092,1.60
Axis Bluechip Fund-Reg(G),2023-11-30T00:00:00.000Z,31816.15,100331,2023-11-30T00:00:00.000Z,1959885,1.57
Axis Bluechip Fund-Reg(G),2023-11-30T00:00:00.000Z,31816.15,222055,2023-11-30T00:00:00.000Z,1753722,1.49
Axis Bluechip Fund-Reg(G),2023-11-30T00:00:00.000Z,31816.15,132343,2023-11-30T00:00:00.000Z,2268805,1.33
Axis Bluechip Fund-Reg(G),2023-11-30T00:00:00.000Z,31816.15,108869,2023-11-30T00:00:00.000Z,708958,1.23
Axis Bluechip Fund-Reg(G),2023-11-30T00:00:00.000Z,31816.15,100820,2023-11-30T00:00:00.000Z,1215414,1.19
Axis Bluechip Fund-Reg(G),2023-11-30T00:00:00.000Z,31816.15,252306,2023-11-30T00:00:00.000Z,24173715,0.90
Axis Bluechip Fund-Reg(G),2023-11-30T00:00:00.000Z,31816.15,229365,2023-11-30T00:00:00.000Z,11650316,0.84
Axis Bluechip Fund-Reg(G),2023-11-30T00:00:00.000Z,31816.15,100112,2023-11-30T00:00:00.000Z,3530000,0.63
Axis Bluechip Fund-Reg(G),2023-11-30T00:00:00.000Z,31816.15,100800,2023-11-30T00:00:00.000Z,1694029,0.50
Axis Bluechip Fund-Reg(G),2023-11-30T00:00:00.000Z,31816.15,100850,2023-11-30T00:00:00.000Z,3630738,0.48
Axis Bluechip Fund-Reg(G),2023-11-30T00:00:00.000Z,31816.15,132424,2023-11-30T00:00:00.000Z,1202179,0.38
Axis Bluechip Fund-Reg(G),2023-11-30T00:00:00.000Z,31816.15,100550,2023-11-30T00:00:00.000Z,317176,0.36
Axis Bluechip Fund-Reg(G),2023-11-30T00:00:00.000Z,31816.15,132488,2023-11-30T00:00:00.000Z,282136,0.34
Axis Bluechip Fund-Reg(G),2023-11-30T00:00:00.000Z,31816.15,100002,2023-11-30T00:00:00.000Z,225296,0.31
Axis Bluechip Fund-Reg(G),2023-11-30T00:00:00.000Z,31816.15,210258,2023-11-30T00:00:00.000Z,1476822,0.26
Axis Bluechip Fund-Reg(G),2023-11-30T00:00:00.000Z,31816.15,123642,2023-11-30T00:00:00.000Z,115829,0.14
Axis Bluechip Fund-Reg(G),2023-11-30T00:00:00.000Z,31816.15,100180,2023-10-31T00:00:00.000Z,18286000,8.78
Axis Bluechip Fund-Reg(G),2023-11-30T00:00:00.000Z,31816.15,132174,2023-10-31T00:00:00.000Z,27849000,8.29
Axis Bluechip Fund-Reg(G),2023-11-30T00:00:00.000Z,31816.15,100034,2023-10-31T00:00:00.000Z,3348482,8.16
Axis Bluechip Fund-Reg(G),2023-11-30T00:00:00.000Z,31816.15,223595,2023-10-31T00:00:00.000Z,4944109,5.85
Axis Bluechip Fund-Reg(G),2023-11-30T00:00:00.000Z,31816.15,132540,2023-10-31T00:00:00.000Z,4915118,5.39
Axis Bluechip Fund-Reg(G),2023-11-30T00:00:00.000Z,31816.15,100325,2023-10-31T00:00:00.000Z,6344000,4.72
Axis Bluechip Fund-Reg(G),2023-11-30T00:00:00.000Z,31816.15,100510,2023-10-31T00:00:00.000Z,4676667,4.46
Axis Bluechip Fund-Reg(G),2023-11-30T00:00:00.000Z,31816.15,100209,2023-10-31T00:00:00.000Z,8880235,3.95
Axis Bluechip Fund-Reg(G),2023-11-30T00:00:00.000Z,31816.15,132538,2023-10-31T00:00:00.000Z,1112364,3.05
Axis Bluechip Fund-Reg(G),2023-11-30T00:00:00.000Z,31816.15,132454,2023-10-31T00:00:00.000Z,9358487,2.78
Axis Bluechip Fund-Reg(G),2023-11-30T00:00:00.000Z,31816.15,100790,2023-10-31T00:00:00.000Z,347482,2.74
Axis Bluechip Fund-Reg(G),2023-11-30T00:00:00.000Z,31816.15,100570,2023-10-31T00:00:00.000Z,13168737,2.69
Axis Bluechip Fund-Reg(G),2023-11-30T00:00:00.000Z,31816.15,100520,2023-10-31T00:00:00.000Z,5454521,2.59
Axis Bluechip Fund-Reg(G),2023-11-30T00:00:00.000Z,31816.15,100114,2023-10-31T00:00:00.000Z,2376408,2.47
Axis Bluechip Fund-Reg(G),2023-11-30T00:00:00.000Z,31816.15,124715,2023-10-31T00:00:00.000Z,6768622,2.40
Axis Bluechip Fund-Reg(G),2023-11-30T00:00:00.000Z,31816.15,111243,2023-10-31T00:00:00.000Z,6237190,2.31
Axis Bluechip Fund-Reg(G),2023-11-30T00:00:00.000Z,31816.15,132500,2023-10-31T00:00:00.000Z,602368,2.04
Axis Bluechip Fund-Reg(G),2023-11-30T00:00:00.000Z,31816.15,100247,2023-10-31T00:00:00.000Z,3592000,2.03
Axis Bluechip Fund-Reg(G),2023-11-30T00:00:00.000Z,31816.15,205198,2023-10-31T00:00:00.000Z,3809216,1.95
Axis Bluechip Fund-Reg(G),2023-11-30T00:00:00.000Z,31816.15,200132,2023-10-31T00:00:00.000Z,1023320,1.77
Axis Bluechip Fund-Reg(G),2023-11-30T00:00:00.000Z,31816.15,100696,2023-10-31T00:00:00.000Z,1997092,1.61
Axis Bluechip Fund-Reg(G),2023-11-30T00:00:00.000Z,31816.15,100331,2023-10-31T00:00:00.000Z,1930647,1.54
Axis Bluechip Fund-Reg(G),2023-11-30T00:00:00.000Z,31816.15,132777,2023-10-31T00:00:00.000Z,1127297,1.50
Axis Bluechip Fund-Reg(G),2023-11-30T00:00:00.000Z,31816.15,132868,2023-10-31T00:00:00.000Z,7191986,1.32
Axis Bluechip Fund-Reg(G),2023-11-30T00:00:00.000Z,31816.15,222055,2023-10-31T00:00:00.000Z,1628722,1.30
Axis Bluechip Fund-Reg(G),2023-11-30T00:00:00.000Z,31816.15,100820,2023-10-31T00:00:00.000Z,1215414,1.18
Axis Bluechip Fund-Reg(G),2023-11-30T00:00:00.000Z,31816.15,132343,2023-10-31T00:00:00.000Z,2268805,1.17
Axis Bluechip Fund-Reg(G),2023-11-30T00:00:00.000Z,31816.15,108869,2023-10-31T00:00:00.000Z,708958,1.11
Axis Bluechip Fund-Reg(G),2023-11-30T00:00:00.000Z,31816.15,229365,2023-10-31T00:00:00.000Z,11650316,0.83
Axis Bluechip Fund-Reg(G),2023-11-30T00:00:00.000Z,31816.15,252306,2023-10-31T00:00:00.000Z,24173715,0.83
Axis Bluechip Fund-Reg(G),2023-11-30T00:00:00.000Z,31816.15,100112,2023-10-31T00:00:00.000Z,3530000,0.65
Axis Bluechip Fund-Reg(G),2023-11-30T00:00:00.000Z,31816.15,100800,2023-10-31T00:00:00.000Z,1630553,0.48
Axis Bluechip Fund-Reg(G),2023-11-30T00:00:00.000Z,31816.15,132424,2023-10-31T00:00:00.000Z,1202179,0.39
Axis Bluechip Fund-Reg(G),2023-11-30T00:00:00.000Z,31816.15,100850,2023-10-31T00:00:00.000Z,2855738,0.36
Axis Bluechip Fund-Reg(G),2023-11-30T00:00:00.000Z,31816.15,100550,2023-10-31T00:00:00.000Z,317176,0.34
Axis Bluechip Fund-Reg(G),2023-11-30T00:00:00.000Z,31816.15,132488,2023-10-31T00:00:00.000Z,282136,0.31
Axis Bluechip Fund-Reg(G),2023-11-30T00:00:00.000Z,31816.15,100002,2023-10-31T00:00:00.000Z,224127,0.30
Axis Bluechip Fund-Reg(G),2023-11-30T00:00:00.000Z,31816.15,123642,2023-10-31T00:00:00.000Z,219936,0.24
Axis Bluechip Fund-Reg(G),2023-11-30T00:00:00.000Z,31816.15,210258,2023-10-31T00:00:00.000Z,876822,0.15
Axis Bluechip Fund-Reg(G),2023-11-30T00:00:00.000Z,31816.15,132174,2023-09-30T00:00:00.000Z,30424000,9.08
Axis Bluechip Fund-Reg(G),2023-11-30T00:00:00.000Z,31816.15,100180,2023-09-30T00:00:00.000Z,18286000,8.75
Axis Bluechip Fund-Reg(G),2023-11-30T00:00:00.000Z,31816.15,100034,2023-09-30T00:00:00.000Z,3509576,8.60
Axis Bluechip Fund-Reg(G),2023-11-30T00:00:00.000Z,31816.15,223595,2023-09-30T00:00:00.000Z,4993405,5.76
Axis Bluechip Fund-Reg(G),2023-11-30T00:00:00.000Z,31816.15,132540,2023-09-30T00:00:00.000Z,5115118,5.66
Axis Bluechip Fund-Reg(G),2023-11-30T00:00:00.000Z,31816.15,100325,2023-09-30T00:00:00.000Z,6344000,4.67
Axis Bluechip Fund-Reg(G),2023-11-30T00:00:00.000Z,31816.15,100209,2023-09-30T00:00:00.000Z,9855831,4.44
Axis Bluechip Fund-Reg(G),2023-11-30T00:00:00.000Z,31816.15,100510,2023-09-30T00:00:00.000Z,4676667,4.43
Axis Bluechip Fund-Reg(G),2023-11-30T00:00:00.000Z,31816.15,132538,2023-09-30T00:00:00.000Z,1163636,3.01
Axis Bluechip Fund-Reg(G),2023-11-30T00:00:00.000Z,31816.15,100520,2023-09-30T00:00:00.000Z,6178151,3.01
Axis Bluechip Fund-Reg(G),2023-11-30T00:00:00.000Z,31816.15,132454,2023-09-30T00:00:00.000Z,9358487,2.72
Axis Bluechip Fund-Reg(G),2023-11-30T00:00:00.000Z,31816.15,100570,2023-09-30T00:00:00.000Z,13168737,2.60
Axis Bluechip Fund-Reg(G),2023-11-30T00:00:00.000Z,31816.15,100114,2023-09-30T00:00:00.000Z,2443213,2.41
Axis Bluechip Fund-Reg(G),2023-11-30T00:00:00.000Z,31816.15,100790,2023-09-30T00:00:00.000Z,339489,2.40
Axis Bluechip Fund-Reg(G),2023-11-30T00:00:00.000Z,31816.15,124715,2023-09-30T00:00:00.000Z,6571046,2.39
Axis Bluechip Fund-Reg(G),2023-11-30T00:00:00.000Z,31816.15,100247,2023-09-30T00:00:00.000Z,4186000,2.28
Axis Bluechip Fund-Reg(G),2023-11-30T00:00:00.000Z,31816.15,111243,2023-09-30T00:00:00.000Z,5847254,2.23
Axis Bluechip Fund-Reg(G),2023-11-30T00:00:00.000Z,31816.15,205198,2023-09-30T00:00:00.000Z,3809216,1.84
Axis Bluechip Fund-Reg(G),2023-11-30T00:00:00.000Z,31816.15,132500,2023-09-30T00:00:00.000Z,544464,1.81
Axis Bluechip Fund-Reg(G),2023-11-30T00:00:00.000Z,31816.15,100696,2023-09-30T00:00:00.000Z,2242669,1.73
Axis Bluechip Fund-Reg(G),2023-11-30T00:00:00.000Z,31816.15,100331,2023-09-30T00:00:00.000Z,1930647,1.48
Axis Bluechip Fund-Reg(G),2023-11-30T00:00:00.000Z,31816.15,132777,2023-09-30T00:00:00.000Z,1127297,1.47
Axis Bluechip Fund-Reg(G),2023-11-30T00:00:00.000Z,31816.15,100820,2023-09-30T00:00:00.000Z,1448621,1.44
Axis Bluechip Fund-Reg(G),2023-11-30T00:00:00.000Z,31816.15,108869,2023-09-30T00:00:00.000Z,838958,1.35
Axis Bluechip Fund-Reg(G),2023-11-30T00:00:00.000Z,31816.15,200132,2023-09-30T00:00:00.000Z,835226,1.33
Axis Bluechip Fund-Reg(G),2023-11-30T00:00:00.000Z,31816.15,222055,2023-09-30T00:00:00.000Z,1628722,1.22
Axis Bluechip Fund-Reg(G),2023-11-30T00:00:00.000Z,31816.15,132343,2023-09-30T00:00:00.000Z,2268805,1.08
Axis Bluechip Fund-Reg(G),2023-11-30T00:00:00.000Z,31816.15,132868,2023-09-30T00:00:00.000Z,6258464,1.04
Axis Bluechip Fund-Reg(G),2023-11-30T00:00:00.000Z,31816.15,229365,2023-09-30T00:00:00.000Z,13419700,0.97
Axis Bluechip Fund-Reg(G),2023-11-30T00:00:00.000Z,31816.15,100112,2023-09-30T00:00:00.000Z,4630000,0.87
Axis Bluechip Fund-Reg(G),2023-11-30T00:00:00.000Z,31816.15,252306,2023-09-30T00:00:00.000Z,18928000,0.60
Axis Bluechip Fund-Reg(G),2023-11-30T00:00:00.000Z,31816.15,132424,2023-09-30T00:00:00.000Z,1791288,0.56
Axis Bluechip Fund-Reg(G),2023-11-30T00:00:00.000Z,31816.15,100850,2023-09-30T00:00:00.000Z,3655738,0.47
Axis Bluechip Fund-Reg(G),2023-11-30T00:00:00.000Z,31816.15,100800,2023-09-30T00:00:00.000Z,1630553,0.45
Axis Bluechip Fund-Reg(G),2023-11-30T00:00:00.000Z,31816.15,100002,2023-09-30T00:00:00.000Z,323462,0.42
Axis Bluechip Fund-Reg(G),2023-11-30T00:00:00.000Z,31816.15,100550,2023-09-30T00:00:00.000Z,317176,0.37
Axis Bluechip Fund-Reg(G),2023-11-30T00:00:00.000Z,31816.15,132488,2023-09-30T00:00:00.000Z,282136,0.33
Axis Bluechip Fund-Reg(G),2023-11-30T00:00:00.000Z,31816.15,123642,2023-09-30T00:00:00.000Z,219936,0.24
Axis Bluechip Fund-Reg(G),2023-11-30T00:00:00.000Z,31816.15,210258,2023-09-30T00:00:00.000Z,876822,0.16
Axis Bluechip Fund-Reg(G),2023-11-30T00:00:00.000Z,31816.15,100087,2023-09-30T00:00:00.000Z,31507,0.01
Axis Bluechip Fund-Reg(G),2023-11-30T00:00:00.000Z,31816.15,100180,2023-08-31T00:00:00.000Z,19800000,9.68
Axis Bluechip Fund-Reg(G),2023-11-30T00:00:00.000Z,31816.15,132174,2023-08-31T00:00:00.000Z,31870000,9.50
Axis Bluechip Fund-Reg(G),2023-11-30T00:00:00.000Z,31816.15,100034,2023-08-31T00:00:00.000Z,3626223,8.08
Axis Bluechip Fund-Reg(G),2023-11-30T00:00:00.000Z,31816.15,223595,2023-08-31T00:00:00.000Z,4993405,5.78
Axis Bluechip Fund-Reg(G),2023-11-30T00:00:00.000Z,31816.15,132540,2023-08-31T00:00:00.000Z,5115118,5.34
Axis Bluechip Fund-Reg(G),2023-11-30T00:00:00.000Z,31816.15,100325,2023-08-31T00:00:00.000Z,6480000,4.85
Axis Bluechip Fund-Reg(G),2023-11-30T00:00:00.000Z,31816.15,100209,2023-08-31T00:00:00.000Z,9855831,4.40
Axis Bluechip Fund-Reg(G),2023-11-30T00:00:00.000Z,31816.15,100510,2023-08-31T00:00:00.000Z,4768053,4.01
Axis Bluechip Fund-Reg(G),2023-11-30T00:00:00.000Z,31816.15,100520,2023-08-31T00:00:00.000Z,6894626,3.38
Axis Bluechip Fund-Reg(G),2023-11-30T00:00:00.000Z,31816.15,132538,2023-08-31T00:00:00.000Z,1203636,3.11
Axis Bluechip Fund-Reg(G),2023-11-30T00:00:00.000Z,31816.15,100247,2023-08-31T00:00:00.000Z,4769000,2.61
Axis Bluechip Fund-Reg(G),2023-11-30T00:00:00.000Z,31816.15,100790,2023-08-31T00:00:00.000Z,361552,2.47
Axis Bluechip Fund-Reg(G),2023-11-30T00:00:00.000Z,31816.15,132454,2023-08-31T00:00:00.000Z,9180081,2.45
Axis Bluechip Fund-Reg(G),2023-11-30T00:00:00.000Z,31816.15,100114,2023-08-31T00:00:00.000Z,2503000,2.42
Axis Bluechip Fund-Reg(G),2023-11-30T00:00:00.000Z,31816.15,100570,2023-08-31T00:00:00.000Z,12576562,2.35
Axis Bluechip Fund-Reg(G),2023-11-30T00:00:00.000Z,31816.15,124715,2023-08-31T00:00:00.000Z,6571046,2.27
Axis Bluechip Fund-Reg(G),2023-11-30T00:00:00.000Z,31816.15,111243,2023-08-31T00:00:00.000Z,5847254,2.04
Axis Bluechip Fund-Reg(G),2023-11-30T00:00:00.000Z,31816.15,100696,2023-08-31T00:00:00.000Z,2504669,1.95
Axis Bluechip Fund-Reg(G),2023-11-30T00:00:00.000Z,31816.15,205198,2023-08-31T00:00:00.000Z,3809216,1.76
Axis Bluechip Fund-Reg(G),2023-11-30T00:00:00.000Z,31816.15,132777,2023-08-31T00:00:00.000Z,1127297,1.52
Axis Bluechip Fund-Reg(G),2023-11-30T00:00:00.000Z,31816.15,100331,2023-08-31T00:00:00.000Z,1930647,1.51
Axis Bluechip Fund-Reg(G),2023-11-30T00:00:00.000Z,31816.15,100820,2023-08-31T00:00:00.000Z,1470000,1.49
Axis Bluechip Fund-Reg(G),2023-11-30T00:00:00.000Z,31816.15,132500,2023-08-31T00:00:00.000Z,447000,1.39
Axis Bluechip Fund-Reg(G),2023-11-30T00:00:00.000Z,31816.15,108869,2023-08-31T00:00:00.000Z,838958,1.26
Axis Bluechip Fund-Reg(G),2023-11-30T00:00:00.000Z,31816.15,222055,2023-08-31T00:00:00.000Z,1628722,1.23
Axis Bluechip Fund-Reg(G),2023-11-30T00:00:00.000Z,31816.15,132868,2023-08-31T00:00:00.000Z,6908464,1.08
Axis Bluechip Fund-Reg(G),2023-11-30T00:00:00.000Z,31816.15,200132,2023-08-31T00:00:00.000Z,702693,1.01
Axis Bluechip Fund-Reg(G),2023-11-30T00:00:00.000Z,31816.15,132343,2023-08-31T00:00:00.000Z,2268805,1.00
Axis Bluechip Fund-Reg(G),2023-11-30T00:00:00.000Z,31816.15,100112,2023-08-31T00:00:00.000Z,5200000,0.91
Axis Bluechip Fund-Reg(G),2023-11-30T00:00:00.000Z,31816.15,229365,2023-08-31T00:00:00.000Z,12119700,0.88
Axis Bluechip Fund-Reg(G),2023-11-30T00:00:00.000Z,31816.15,132424,2023-08-31T00:00:00.000Z,1791288,0.56
Axis Bluechip Fund-Reg(G),2023-11-30T00:00:00.000Z,31816.15,100850,2023-08-31T00:00:00.000Z,3655738,0.48
Axis Bluechip Fund-Reg(G),2023-11-30T00:00:00.000Z,31816.15,252306,2023-08-31T00:00:00.000Z,15645086,0.47
Axis Bluechip Fund-Reg(G),2023-11-30T00:00:00.000Z,31816.15,100002,2023-08-31T00:00:00.000Z,323462,0.44
Axis Bluechip Fund-Reg(G),2023-11-30T00:00:00.000Z,31816.15,100800,2023-08-31T00:00:00.000Z,1630553,0.42
Axis Bluechip Fund-Reg(G),2023-11-30T00:00:00.000Z,31816.15,100550,2023-08-31T00:00:00.000Z,317176,0.39
Axis Bluechip Fund-Reg(G),2023-11-30T00:00:00.000Z,31816.15,132488,2023-08-31T00:00:00.000Z,282136,0.32
Axis Bluechip Fund-Reg(G),2023-11-30T00:00:00.000Z,31816.15,123642,2023-08-31T00:00:00.000Z,219936,0.25
Axis Bluechip Fund-Reg(G),2023-11-30T00:00:00.000Z,31816.15,210258,2023-08-31T00:00:00.000Z,784490,0.14
Axis Bluechip Fund-Reg(G),2023-11-30T00:00:00.000Z,31816.15,100087,2023-08-31T00:00:00.000Z,305398,0.12
Aditya Birla SL ELSS Tax Saver Fund(G),2023-12-31T00:00:00.000Z,14917.96,132174,2023-12-31T00:00:00.000Z,11929740,7.97
Aditya Birla SL ELSS Tax Saver Fund(G),2023-12-31T00:00:00.000Z,14917.96,100180,2023-12-31T00:00:00.000Z,6296704,7.21
Aditya Birla SL ELSS Tax Saver Fund(G),2023-12-31T00:00:00.000Z,14917.96,100325,2023-12-31T00:00:00.000Z,3160213,5.48
Aditya Birla SL ELSS Tax Saver Fund(G),2023-12-31T00:00:00.000Z,14917.96,100510,2023-12-31T00:00:00.000Z,2095752,4.95
Aditya Birla SL ELSS Tax Saver Fund(G),2023-12-31T00:00:00.000Z,14917.96,100209,2023-12-31T00:00:00.000Z,4595392,4.75
Aditya Birla SL ELSS Tax Saver Fund(G),2023-12-31T00:00:00.000Z,14917.96,117174,2023-12-31T00:00:00.000Z,132186,3.26
Aditya Birla SL ELSS Tax Saver Fund(G),2023-12-31T00:00:00.000Z,14917.96,132454,2023-12-31T00:00:00.000Z,4023420,2.78
Aditya Birla SL ELSS Tax Saver Fund(G),2023-12-31T00:00:00.000Z,14917.96,132843,2023-12-31T00:00:00.000Z,9542579,2.68
Aditya Birla SL ELSS Tax Saver Fund(G),2023-12-31T00:00:00.000Z,14917.96,132638,2023-12-31T00:00:00.000Z,5341050,2.47
Aditya Birla SL ELSS Tax Saver Fund(G),2023-12-31T00:00:00.000Z,14917.96,107815,2023-12-31T00:00:00.000Z,564837,2.45
Aditya Birla SL ELSS Tax Saver Fund(G),2023-12-31T00:00:00.000Z,14917.96,120056,2023-12-31T00:00:00.000Z,460256,2.38
Aditya Birla SL ELSS Tax Saver Fund(G),2023-12-31T00:00:00.000Z,14917.96,132215,2023-12-31T00:00:00.000Z,2813737,2.08
Aditya Birla SL ELSS Tax Saver Fund(G),2023-12-31T00:00:00.000Z,14917.96,100112,2023-12-31T00:00:00.000Z,4328465,1.86
Aditya Birla SL ELSS Tax Saver Fund(G),2023-12-31T00:00:00.000Z,14917.96,132540,2023-12-31T00:00:00.000Z,693389,1.76
Aditya Birla SL ELSS Tax Saver Fund(G),2023-12-31T00:00:00.000Z,14917.96,100520,2023-12-31T00:00:00.000Z,1484660,1.72
Aditya Birla SL ELSS Tax Saver Fund(G),2023-12-31T00:00:00.000Z,14917.96,124715,2023-12-31T00:00:00.000Z,1971900,1.66
Aditya Birla SL ELSS Tax Saver Fund(G),2023-12-31T00:00:00.000Z,14917.96,100570,2023-12-31T00:00:00.000Z,3176335,1.66
Aditya Birla SL ELSS Tax Saver Fund(G),2023-12-31T00:00:00.000Z,14917.96,132500,2023-12-31T00:00:00.000Z,240429,1.66
Aditya Birla SL ELSS Tax Saver Fund(G),2023-12-31T00:00:00.000Z,14917.96,131344,2023-12-31T00:00:00.000Z,2726849,1.57
Aditya Birla SL ELSS Tax Saver Fund(G),2023-12-31T00:00:00.000Z,14917.96,100660,2023-12-31T00:00:00.000Z,1218872,1.55
Aditya Birla SL ELSS Tax Saver Fund(G),2023-12-31T00:00:00.000Z,14917.96,100114,2023-12-31T00:00:00.000Z,616524,1.52
Aditya Birla SL ELSS Tax Saver Fund(G),2023-12-31T00:00:00.000Z,14917.96,132538,2023-12-31T00:00:00.000Z,212449,1.50
Aditya Birla SL ELSS Tax Saver Fund(G),2023-12-31T00:00:00.000Z,14917.96,106285,2023-12-31T00:00:00.000Z,392896,1.46
Aditya Birla SL ELSS Tax Saver Fund(G),2023-12-31T00:00:00.000Z,14917.96,132187,2023-12-31T00:00:00.000Z,1330106,1.43
Aditya Birla SL ELSS Tax Saver Fund(G),2023-12-31T00:00:00.000Z,14917.96,100034,2023-12-31T00:00:00.000Z,274232,1.35
Aditya Birla SL ELSS Tax Saver Fund(G),2023-12-31T00:00:00.000Z,14917.96,278580,2023-12-31T00:00:00.000Z,21397336,1.28
Aditya Birla SL ELSS Tax Saver Fund(G),2023-12-31T00:00:00.000Z,14917.96,100413,2023-12-31T00:00:00.000Z,13370942,1.22
Aditya Birla SL ELSS Tax Saver Fund(G),2023-12-31T00:00:00.000Z,14917.96,100470,2023-12-31T00:00:00.000Z,12551780,1.17
Aditya Birla SL ELSS Tax Saver Fund(G),2023-12-31T00:00:00.000Z,14917.96,132541,2023-12-31T00:00:00.000Z,276335,1.16
Aditya Birla SL ELSS Tax Saver Fund(G),2023-12-31T00:00:00.000Z,14917.96,222055,2023-12-31T00:00:00.000Z,565491,1.12
Aditya Birla SL ELSS Tax Saver Fund(G),2023-12-31T00:00:00.000Z,14917.96,103100,2023-12-31T00:00:00.000Z,742409,1.12
Aditya Birla SL ELSS Tax Saver Fund(G),2023-12-31T00:00:00.000Z,14917.96,132432,2023-12-31T00:00:00.000Z,1466432,1.10
Aditya Birla SL ELSS Tax Saver Fund(G),2023-12-31T00:00:00.000Z,14917.96,132835,2023-12-31T00:00:00.000Z,284810,1.09
Aditya Birla SL ELSS Tax Saver Fund(G),2023-12-31T00:00:00.000Z,14917.96,100425,2023-12-31T00:00:00.000Z,3038765,1.06
Aditya Birla SL ELSS Tax Saver Fund(G),2023-12-31T00:00:00.000Z,14917.96,252306,2023-12-31T00:00:00.000Z,12529562,1.04
Aditya Birla SL ELSS Tax Saver Fund(G),2023-12-31T00:00:00.000Z,14917.96,132555,2023-12-31T00:00:00.000Z,4871553,1.02
Aditya Birla SL ELSS Tax Saver Fund(G),2023-12-31T00:00:00.000Z,14917.96,100696,2023-12-31T00:00:00.000Z,568094,1.01
Aditya Birla SL ELSS Tax Saver Fund(G),2023-12-31T00:00:00.000Z,14917.96,111243,2023-12-31T00:00:00.000Z,1129905,0.95
Aditya Birla SL ELSS Tax Saver Fund(G),2023-12-31T00:00:00.000Z,14917.96,217389,2023-12-31T00:00:00.000Z,2140780,0.93
Aditya Birla SL ELSS Tax Saver Fund(G),2023-12-31T00:00:00.000Z,14917.96,100087,2023-12-31T00:00:00.000Z,1055016,0.88
Aditya Birla SL ELSS Tax Saver Fund(G),2023-12-31T00:00:00.000Z,14917.96,123398,2023-12-31T00:00:00.000Z,1165449,0.87
Aditya Birla SL ELSS Tax Saver Fund(G),2023-12-31T00:00:00.000Z,14917.96,117334,2023-12-31T00:00:00.000Z,11961771,0.82
Aditya Birla SL ELSS Tax Saver Fund(G),2023-12-31T00:00:00.000Z,14917.96,132504,2023-12-31T00:00:00.000Z,305745,0.79
Aditya Birla SL ELSS Tax Saver Fund(G),2023-12-31T00:00:00.000Z,14917.96,302988,2023-12-31T00:00:00.000Z,6559758,0.76
Aditya Birla SL ELSS Tax Saver Fund(G),2023-12-31T00:00:00.000Z,14917.96,100040,2023-12-31T00:00:00.000Z,894945,0.73
Aditya Birla SL ELSS Tax Saver Fund(G),2023-12-31T00:00:00.000Z,14917.96,100096,2023-12-31T00:00:00.000Z,1931545,0.72
Aditya Birla SL ELSS Tax Saver Fund(G),2023-12-31T00:00:00.000Z,14917.96,100825,2023-12-31T00:00:00.000Z,194863,0.70
Aditya Birla SL ELSS Tax Saver Fund(G),2023-12-31T00:00:00.000Z,14917.96,103806,2023-12-31T00:00:00.000Z,391418,0.65
Aditya Birla SL ELSS Tax Saver Fund(G),2023-12-31T00:00:00.000Z,14917.96,215367,2023-12-31T00:00:00.000Z,1704515,0.65
Aditya Birla SL ELSS Tax Saver Fund(G),2023-12-31T00:00:00.000Z,14917.96,208045,2023-12-31T00:00:00.000Z,4826248,0.63
Aditya Birla SL ELSS Tax Saver Fund(G),2023-12-31T00:00:00.000Z,14917.96,100680,2023-12-31T00:00:00.000Z,215979,0.62
Aditya Birla SL ELSS Tax Saver Fund(G),2023-12-31T00:00:00.000Z,14917.96,211385,2023-12-31T00:00:00.000Z,642317,0.62
Aditya Birla SL ELSS Tax Saver Fund(G),2023-12-31T00:00:00.000Z,14917.96,100530,2023-12-31T00:00:00.000Z,37790,0.56
Aditya Birla SL ELSS Tax Saver Fund(G),2023-12-31T00:00:00.000Z,14917.96,217400,2023-12-31T00:00:00.000Z,1569000,0.56
Aditya Birla SL ELSS Tax Saver Fund(G),2023-12-31T00:00:00.000Z,14917.96,311720,2023-12-31T00:00:00.000Z,526467,0.53
Aditya Birla SL ELSS Tax Saver Fund(G),2023-12-31T00:00:00.000Z,14917.96,279527,2023-12-31T00:00:00.000Z,2835447,0.46
Aditya Birla SL ELSS Tax Saver Fund(G),2023-12-31T00:00:00.000Z,14917.96,214179,2023-12-31T00:00:00.000Z,817305,0.35
Aditya Birla SL ELSS Tax Saver Fund(G),2023-12-31T00:00:00.000Z,14917.96,296214,2023-12-31T00:00:00.000Z,3528493,0.26
Aditya Birla SL ELSS Tax Saver Fund(G),2023-12-31T00:00:00.000Z,14917.96,229365,2023-12-31T00:00:00.000Z,1465175,0.23
Aditya Birla SL ELSS Tax Saver Fund(G),2023-12-31T00:00:00.000Z,14917.96,242461,2023-12-31T00:00:00.000Z,829035,0.09
Aditya Birla SL ELSS Tax Saver Fund(G),2023-12-31T00:00:00.000Z,14917.96,132174,2023-11-30T00:00:00.000Z,11929740,7.83
Aditya Birla SL ELSS Tax Saver Fund(G),2023-12-31T00:00:00.000Z,14917.96,100180,2023-11-30T00:00:00.000Z,6296704,6.89
Aditya Birla SL ELSS Tax Saver Fund(G),2023-12-31T00:00:00.000Z,14917.96,100325,2023-11-30T00:00:00.000Z,3160213,5.27
Aditya Birla SL ELSS Tax Saver Fund(G),2023-12-31T00:00:00.000Z,14917.96,100209,2023-11-30T00:00:00.000Z,4595392,4.69
Aditya Birla SL ELSS Tax Saver Fund(G),2023-12-31T00:00:00.000Z,14917.96,100510,2023-11-30T00:00:00.000Z,2095752,4.57
Aditya Birla SL ELSS Tax Saver Fund(G),2023-12-31T00:00:00.000Z,14917.96,117174,2023-11-30T00:00:00.000Z,139702,3.60
Aditya Birla SL ELSS Tax Saver Fund(G),2023-12-31T00:00:00.000Z,14917.96,132843,2023-11-30T00:00:00.000Z,10342579,2.80
Aditya Birla SL ELSS Tax Saver Fund(G),2023-12-31T00:00:00.000Z,14917.96,132638,2023-11-30T00:00:00.000Z,5341050,2.57
Aditya Birla SL ELSS Tax Saver Fund(G),2023-12-31T00:00:00.000Z,14917.96,107815,2023-11-30T00:00:00.000Z,564837,2.52
Aditya Birla SL ELSS Tax Saver Fund(G),2023-12-31T00:00:00.000Z,14917.96,132454,2023-11-30T00:00:00.000Z,3273420,2.33
Aditya Birla SL ELSS Tax Saver Fund(G),2023-12-31T00:00:00.000Z,14917.96,100112,2023-11-30T00:00:00.000Z,5478465,2.17
Aditya Birla SL ELSS Tax Saver Fund(G),2023-12-31T00:00:00.000Z,14917.96,132215,2023-11-30T00:00:00.000Z,2813737,2.12
Aditya Birla SL ELSS Tax Saver Fund(G),2023-12-31T00:00:00.000Z,14917.96,132540,2023-11-30T00:00:00.000Z,812780,1.99
Aditya Birla SL ELSS Tax Saver Fund(G),2023-12-31T00:00:00.000Z,14917.96,132500,2023-11-30T00:00:00.000Z,240429,1.79
Aditya Birla SL ELSS Tax Saver Fund(G),2023-12-31T00:00:00.000Z,14917.96,100520,2023-11-30T00:00:00.000Z,1484660,1.72
Aditya Birla SL ELSS Tax Saver Fund(G),2023-12-31T00:00:00.000Z,14917.96,106285,2023-11-30T00:00:00.000Z,452827,1.71
Aditya Birla SL ELSS Tax Saver Fund(G),2023-12-31T00:00:00.000Z,14917.96,124715,2023-11-30T00:00:00.000Z,1971900,1.70
Aditya Birla SL ELSS Tax Saver Fund(G),2023-12-31T00:00:00.000Z,14917.96,100570,2023-11-30T00:00:00.000Z,3176335,1.58
Aditya Birla SL ELSS Tax Saver Fund(G),2023-12-31T00:00:00.000Z,14917.96,100114,2023-11-30T00:00:00.000Z,616524,1.51
Aditya Birla SL ELSS Tax Saver Fund(G),2023-12-31T00:00:00.000Z,14917.96,131344,2023-11-30T00:00:00.000Z,2726849,1.49
Aditya Birla SL ELSS Tax Saver Fund(G),2023-12-31T00:00:00.000Z,14917.96,100660,2023-11-30T00:00:00.000Z,1218872,1.42
Aditya Birla SL ELSS Tax Saver Fund(G),2023-12-31T00:00:00.000Z,14917.96,100413,2023-11-30T00:00:00.000Z,13370942,1.41
Aditya Birla SL ELSS Tax Saver Fund(G),2023-12-31T00:00:00.000Z,14917.96,100034,2023-11-30T00:00:00.000Z,274232,1.37
Aditya Birla SL ELSS Tax Saver Fund(G),2023-12-31T00:00:00.000Z,14917.96,132187,2023-11-30T00:00:00.000Z,1330106,1.37
Aditya Birla SL ELSS Tax Saver Fund(G),2023-12-31T00:00:00.000Z,14917.96,132538,2023-11-30T00:00:00.000Z,212449,1.34
Aditya Birla SL ELSS Tax Saver Fund(G),2023-12-31T00:00:00.000Z,14917.96,278580,2023-11-30T00:00:00.000Z,21397336,1.28
Aditya Birla SL ELSS Tax Saver Fund(G),2023-12-31T00:00:00.000Z,14917.96,103100,2023-11-30T00:00:00.000Z,742409,1.24
Aditya Birla SL ELSS Tax Saver Fund(G),2023-12-31T00:00:00.000Z,14917.96,100470,2023-11-30T00:00:00.000Z,12551780,1.13
Aditya Birla SL ELSS Tax Saver Fund(G),2023-12-31T00:00:00.000Z,14917.96,132541,2023-11-30T00:00:00.000Z,276335,1.12
Aditya Birla SL ELSS Tax Saver Fund(G),2023-12-31T00:00:00.000Z,14917.96,132835,2023-11-30T00:00:00.000Z,284810,1.09
Aditya Birla SL ELSS Tax Saver Fund(G),2023-12-31T00:00:00.000Z,14917.96,132432,2023-11-30T00:00:00.000Z,1466432,1.08
Aditya Birla SL ELSS Tax Saver Fund(G),2023-12-31T00:00:00.000Z,14917.96,222055,2023-11-30T00:00:00.000Z,565491,1.07
Aditya Birla SL ELSS Tax Saver Fund(G),2023-12-31T00:00:00.000Z,14917.96,217389,2023-11-30T00:00:00.000Z,2140780,1.04
Aditya Birla SL ELSS Tax Saver Fund(G),2023-12-31T00:00:00.000Z,14917.96,100696,2023-11-30T00:00:00.000Z,568094,1.02
Aditya Birla SL ELSS Tax Saver Fund(G),2023-12-31T00:00:00.000Z,14917.96,100680,2023-11-30T00:00:00.000Z,334874,0.96
Aditya Birla SL ELSS Tax Saver Fund(G),2023-12-31T00:00:00.000Z,14917.96,123398,2023-11-30T00:00:00.000Z,1165449,0.96
Aditya Birla SL ELSS Tax Saver Fund(G),2023-12-31T00:00:00.000Z,14917.96,100087,2023-11-30T00:00:00.000Z,1055016,0.90
Aditya Birla SL ELSS Tax Saver Fund(G),2023-12-31T00:00:00.000Z,14917.96,132555,2023-11-30T00:00:00.000Z,4871553,0.89
Aditya Birla SL ELSS Tax Saver Fund(G),2023-12-31T00:00:00.000Z,14917.96,302988,2023-11-30T00:00:00.000Z,6559758,0.81
Aditya Birla SL ELSS Tax Saver Fund(G),2023-12-31T00:00:00.000Z,14917.96,132504,2023-11-30T00:00:00.000Z,305745,0.79
Aditya Birla SL ELSS Tax Saver Fund(G),2023-12-31T00:00:00.000Z,14917.96,100040,2023-11-30T00:00:00.000Z,894945,0.79
Aditya Birla SL ELSS Tax Saver Fund(G),2023-12-31T00:00:00.000Z,14917.96,252306,2023-11-30T00:00:00.000Z,9150030,0.76
Aditya Birla SL ELSS Tax Saver Fund(G),2023-12-31T00:00:00.000Z,14917.96,100096,2023-11-30T00:00:00.000Z,1931545,0.73
Aditya Birla SL ELSS Tax Saver Fund(G),2023-12-31T00:00:00.000Z,14917.96,117334,2023-11-30T00:00:00.000Z,10407318,0.67
Aditya Birla SL ELSS Tax Saver Fund(G),2023-12-31T00:00:00.000Z,14917.96,215367,2023-11-30T00:00:00.000Z,1704515,0.67
Aditya Birla SL ELSS Tax Saver Fund(G),2023-12-31T00:00:00.000Z,14917.96,100825,2023-11-30T00:00:00.000Z,194863,0.66
Aditya Birla SL ELSS Tax Saver Fund(G),2023-12-31T00:00:00.000Z,14917.96,217400,2023-11-30T00:00:00.000Z,1569000,0.64
Aditya Birla SL ELSS Tax Saver Fund(G),2023-12-31T00:00:00.000Z,14917.96,208045,2023-11-30T00:00:00.000Z,4826248,0.59
Aditya Birla SL ELSS Tax Saver Fund(G),2023-12-31T00:00:00.000Z,14917.96,100530,2023-11-30T00:00:00.000Z,37790,0.57
Aditya Birla SL ELSS Tax Saver Fund(G),2023-12-31T00:00:00.000Z,14917.96,111243,2023-11-30T00:00:00.000Z,676998,0.53
Aditya Birla SL ELSS Tax Saver Fund(G),2023-12-31T00:00:00.000Z,14917.96,279527,2023-11-30T00:00:00.000Z,2835447,0.45
Aditya Birla SL ELSS Tax Saver Fund(G),2023-12-31T00:00:00.000Z,14917.96,214179,2023-11-30T00:00:00.000Z,817305,0.32
Aditya Birla SL ELSS Tax Saver Fund(G),2023-12-31T00:00:00.000Z,14917.96,100469,2023-11-30T00:00:00.000Z,2872636,0.30
Aditya Birla SL ELSS Tax Saver Fund(G),2023-12-31T00:00:00.000Z,14917.96,120056,2023-11-30T00:00:00.000Z,999598,2.30
Aditya Birla SL ELSS Tax Saver Fund(G),2023-12-31T00:00:00.000Z,14917.96,296214,2023-11-30T00:00:00.000Z,3528493,0.29
Aditya Birla SL ELSS Tax Saver Fund(G),2023-12-31T00:00:00.000Z,14917.96,100387,2023-11-30T00:00:00.000Z,14508,0.27
Aditya Birla SL ELSS Tax Saver Fund(G),2023-12-31T00:00:00.000Z,14917.96,229365,2023-11-30T00:00:00.000Z,1465175,0.24
Aditya Birla SL ELSS Tax Saver Fund(G),2023-12-31T00:00:00.000Z,14917.96,254493,2023-11-30T00:00:00.000Z,331478,0.19
Aditya Birla SL ELSS Tax Saver Fund(G),2023-12-31T00:00:00.000Z,14917.96,242461,2023-11-30T00:00:00.000Z,829035,0.10
Aditya Birla SL ELSS Tax Saver Fund(G),2023-12-31T00:00:00.000Z,14917.96,132174,2023-10-31T00:00:00.000Z,11929740,8.07
Aditya Birla SL ELSS Tax Saver Fund(G),2023-12-31T00:00:00.000Z,14917.96,100180,2023-10-31T00:00:00.000Z,6296704,6.87
Aditya Birla SL ELSS Tax Saver Fund(G),2023-12-31T00:00:00.000Z,14917.96,100325,2023-10-31T00:00:00.000Z,3160213,5.34
Aditya Birla SL ELSS Tax Saver Fund(G),2023-12-31T00:00:00.000Z,14917.96,100209,2023-10-31T00:00:00.000Z,4595392,4.65
Aditya Birla SL ELSS Tax Saver Fund(G),2023-12-31T00:00:00.000Z,14917.96,100510,2023-10-31T00:00:00.000Z,2095752,4.54
Aditya Birla SL ELSS Tax Saver Fund(G),2023-12-31T00:00:00.000Z,14917.96,117174,2023-10-31T00:00:00.000Z,145085,3.86
Aditya Birla SL ELSS Tax Saver Fund(G),2023-12-31T00:00:00.000Z,14917.96,100112,2023-10-31T00:00:00.000Z,8478465,3.54
Aditya Birla SL ELSS Tax Saver Fund(G),2023-12-31T00:00:00.000Z,14917.96,132843,2023-10-31T00:00:00.000Z,11057579,2.64
Aditya Birla SL ELSS Tax Saver Fund(G),2023-12-31T00:00:00.000Z,14917.96,107815,2023-10-31T00:00:00.000Z,570837,2.58
Aditya Birla SL ELSS Tax Saver Fund(G),2023-12-31T00:00:00.000Z,14917.96,132638,2023-10-31T00:00:00.000Z,5341050,2.53
Aditya Birla SL ELSS Tax Saver Fund(G),2023-12-31T00:00:00.000Z,14917.96,132215,2023-10-31T00:00:00.000Z,3163737,2.29
Aditya Birla SL ELSS Tax Saver Fund(G),2023-12-31T00:00:00.000Z,14917.96,132454,2023-10-31T00:00:00.000Z,3273420,2.21
Aditya Birla SL ELSS Tax Saver Fund(G),2023-12-31T00:00:00.000Z,14917.96,132540,2023-10-31T00:00:00.000Z,812780,2.02
Aditya Birla SL ELSS Tax Saver Fund(G),2023-12-31T00:00:00.000Z,14917.96,106285,2023-10-31T00:00:00.000Z,467227,1.70
Aditya Birla SL ELSS Tax Saver Fund(G),2023-12-31T00:00:00.000Z,14917.96,100520,2023-10-31T00:00:00.000Z,1484660,1.60
Aditya Birla SL ELSS Tax Saver Fund(G),2023-12-31T00:00:00.000Z,14917.96,100034,2023-10-31T00:00:00.000Z,274232,1.52
Aditya Birla SL ELSS Tax Saver Fund(G),2023-12-31T00:00:00.000Z,14917.96,124715,2023-10-31T00:00:00.000Z,1821900,1.47
Aditya Birla SL ELSS Tax Saver Fund(G),2023-12-31T00:00:00.000Z,14917.96,100114,2023-10-31T00:00:00.000Z,616524,1.45
Aditya Birla SL ELSS Tax Saver Fund(G),2023-12-31T00:00:00.000Z,14917.96,132500,2023-10-31T00:00:00.000Z,185429,1.42
Aditya Birla SL ELSS Tax Saver Fund(G),2023-12-31T00:00:00.000Z,14917.96,132187,2023-10-31T00:00:00.000Z,1330106,1.42
Aditya Birla SL ELSS Tax Saver Fund(G),2023-12-31T00:00:00.000Z,14917.96,131344,2023-10-31T00:00:00.000Z,2726849,1.39
Aditya Birla SL ELSS Tax Saver Fund(G),2023-12-31T00:00:00.000Z,14917.96,100413,2023-10-31T00:00:00.000Z,13482597,1.35
Aditya Birla SL ELSS Tax Saver Fund(G),2023-12-31T00:00:00.000Z,14917.96,132538,2023-10-31T00:00:00.000Z,212449,1.32
Aditya Birla SL ELSS Tax Saver Fund(G),2023-12-31T00:00:00.000Z,14917.96,278580,2023-10-31T00:00:00.000Z,21397336,1.31
Aditya Birla SL ELSS Tax Saver Fund(G),2023-12-31T00:00:00.000Z,14917.96,100660,2023-10-31T00:00:00.000Z,1218872,1.28
Aditya Birla SL ELSS Tax Saver Fund(G),2023-12-31T00:00:00.000Z,14917.96,100570,2023-10-31T00:00:00.000Z,2676335,1.24
Aditya Birla SL ELSS Tax Saver Fund(G),2023-12-31T00:00:00.000Z,14917.96,132835,2023-10-31T00:00:00.000Z,284810,1.15
Aditya Birla SL ELSS Tax Saver Fund(G),2023-12-31T00:00:00.000Z,14917.96,100470,2023-10-31T00:00:00.000Z,12551780,1.10
Aditya Birla SL ELSS Tax Saver Fund(G),2023-12-31T00:00:00.000Z,14917.96,100087,2023-10-31T00:00:00.000Z,1205016,1.07
Aditya Birla SL ELSS Tax Saver Fund(G),2023-12-31T00:00:00.000Z,14917.96,100696,2023-10-31T00:00:00.000Z,568094,1.04
Aditya Birla SL ELSS Tax Saver Fund(G),2023-12-31T00:00:00.000Z,14917.96,222055,2023-10-31T00:00:00.000Z,565491,1.03
Aditya Birla SL ELSS Tax Saver Fund(G),2023-12-31T00:00:00.000Z,14917.96,132541,2023-10-31T00:00:00.000Z,276335,1.02
Aditya Birla SL ELSS Tax Saver Fund(G),2023-12-31T00:00:00.000Z,14917.96,103100,2023-10-31T00:00:00.000Z,742409,1.00
Aditya Birla SL ELSS Tax Saver Fund(G),2023-12-31T00:00:00.000Z,14917.96,217389,2023-10-31T00:00:00.000Z,2140780,0.98
Aditya Birla SL ELSS Tax Saver Fund(G),2023-12-31T00:00:00.000Z,14917.96,100680,2023-10-31T00:00:00.000Z,334874,0.97
Aditya Birla SL ELSS Tax Saver Fund(G),2023-12-31T00:00:00.000Z,14917.96,123398,2023-10-31T00:00:00.000Z,1186718,0.95
Aditya Birla SL ELSS Tax Saver Fund(G),2023-12-31T00:00:00.000Z,14917.96,132432,2023-10-31T00:00:00.000Z,1124418,0.86
Aditya Birla SL ELSS Tax Saver Fund(G),2023-12-31T00:00:00.000Z,14917.96,132555,2023-10-31T00:00:00.000Z,4871553,0.85
Aditya Birla SL ELSS Tax Saver Fund(G),2023-12-31T00:00:00.000Z,14917.96,132504,2023-10-31T00:00:00.000Z,305745,0.78
Aditya Birla SL ELSS Tax Saver Fund(G),2023-12-31T00:00:00.000Z,14917.96,100096,2023-10-31T00:00:00.000Z,1931545,0.75
Aditya Birla SL ELSS Tax Saver Fund(G),2023-12-31T00:00:00.000Z,14917.96,100040,2023-10-31T00:00:00.000Z,894945,0.72
Aditya Birla SL ELSS Tax Saver Fund(G),2023-12-31T00:00:00.000Z,14917.96,302988,2023-10-31T00:00:00.000Z,6559758,0.68
Aditya Birla SL ELSS Tax Saver Fund(G),2023-12-31T00:00:00.000Z,14917.96,217400,2023-10-31T00:00:00.000Z,1569000,0.67
Aditya Birla SL ELSS Tax Saver Fund(G),2023-12-31T00:00:00.000Z,14917.96,208045,2023-10-31T00:00:00.000Z,4826248,0.64
Aditya Birla SL ELSS Tax Saver Fund(G),2023-12-31T00:00:00.000Z,14917.96,100825,2023-10-31T00:00:00.000Z,194863,0.64
Aditya Birla SL ELSS Tax Saver Fund(G),2023-12-31T00:00:00.000Z,14917.96,215367,2023-10-31T00:00:00.000Z,1704515,0.63
Aditya Birla SL ELSS Tax Saver Fund(G),2023-12-31T00:00:00.000Z,14917.96,111243,2023-10-31T00:00:00.000Z,676998,0.57
Aditya Birla SL ELSS Tax Saver Fund(G),2023-12-31T00:00:00.000Z,14917.96,100530,2023-10-31T00:00:00.000Z,37790,0.54
Aditya Birla SL ELSS Tax Saver Fund(G),2023-12-31T00:00:00.000Z,14917.96,100469,2023-10-31T00:00:00.000Z,5122636,0.53
Aditya Birla SL ELSS Tax Saver Fund(G),2023-12-31T00:00:00.000Z,14917.96,117334,2023-10-31T00:00:00.000Z,7308983,0.50
Aditya Birla SL ELSS Tax Saver Fund(G),2023-12-31T00:00:00.000Z,14917.96,279527,2023-10-31T00:00:00.000Z,2835447,0.45
Aditya Birla SL ELSS Tax Saver Fund(G),2023-12-31T00:00:00.000Z,14917.96,296214,2023-10-31T00:00:00.000Z,5028493,0.41
Aditya Birla SL ELSS Tax Saver Fund(G),2023-12-31T00:00:00.000Z,14917.96,214179,2023-10-31T00:00:00.000Z,817305,0.33
Aditya Birla SL ELSS Tax Saver Fund(G),2023-12-31T00:00:00.000Z,14917.96,254493,2023-10-31T00:00:00.000Z,631478,0.33
Aditya Birla SL ELSS Tax Saver Fund(G),2023-12-31T00:00:00.000Z,14917.96,252306,2023-10-31T00:00:00.000Z,4095546,0.32
Aditya Birla SL ELSS Tax Saver Fund(G),2023-12-31T00:00:00.000Z,14917.96,120056,2023-10-31T00:00:00.000Z,999598,2.19
Aditya Birla SL ELSS Tax Saver Fund(G),2023-12-31T00:00:00.000Z,14917.96,132523,2023-10-31T00:00:00.000Z,1749399,0.28
Aditya Birla SL ELSS Tax Saver Fund(G),2023-12-31T00:00:00.000Z,14917.96,100387,2023-10-31T00:00:00.000Z,14508,0.27
Aditya Birla SL ELSS Tax Saver Fund(G),2023-12-31T00:00:00.000Z,14917.96,229365,2023-10-31T00:00:00.000Z,1465175,0.24
Aditya Birla SL ELSS Tax Saver Fund(G),2023-12-31T00:00:00.000Z,14917.96,242461,2023-10-31T00:00:00.000Z,829035,0.11
Aditya Birla SL ELSS Tax Saver Fund(G),2023-12-31T00:00:00.000Z,14917.96,132174,2023-09-30T00:00:00.000Z,11929740,8.01
Aditya Birla SL ELSS Tax Saver Fund(G),2023-12-31T00:00:00.000Z,14917.96,100180,2023-09-30T00:00:00.000Z,6296704,6.78
Aditya Birla SL ELSS Tax Saver Fund(G),2023-12-31T00:00:00.000Z,14917.96,100510,2023-09-30T00:00:00.000Z,2462413,5.25
Aditya Birla SL ELSS Tax Saver Fund(G),2023-12-31T00:00:00.000Z,14917.96,100325,2023-09-30T00:00:00.000Z,2860213,4.73
Aditya Birla SL ELSS Tax Saver Fund(G),2023-12-31T00:00:00.000Z,14917.96,100209,2023-09-30T00:00:00.000Z,4595392,4.65
Aditya Birla SL ELSS Tax Saver Fund(G),2023-12-31T00:00:00.000Z,14917.96,117174,2023-09-30T00:00:00.000Z,145085,4.08
Aditya Birla SL ELSS Tax Saver Fund(G),2023-12-31T00:00:00.000Z,14917.96,100112,2023-09-30T00:00:00.000Z,8478465,3.58
Aditya Birla SL ELSS Tax Saver Fund(G),2023-12-31T00:00:00.000Z,14917.96,132843,2023-09-30T00:00:00.000Z,11057579,2.65
Aditya Birla SL ELSS Tax Saver Fund(G),2023-12-31T00:00:00.000Z,14917.96,132638,2023-09-30T00:00:00.000Z,5341050,2.58
Aditya Birla SL ELSS Tax Saver Fund(G),2023-12-31T00:00:00.000Z,14917.96,107815,2023-09-30T00:00:00.000Z,570837,2.47
Aditya Birla SL ELSS Tax Saver Fund(G),2023-12-31T00:00:00.000Z,14917.96,132215,2023-09-30T00:00:00.000Z,3163737,2.31
Aditya Birla SL ELSS Tax Saver Fund(G),2023-12-31T00:00:00.000Z,14917.96,132454,2023-09-30T00:00:00.000Z,3273420,2.14
Aditya Birla SL ELSS Tax Saver Fund(G),2023-12-31T00:00:00.000Z,14917.96,132540,2023-09-30T00:00:00.000Z,812780,2.02
Aditya Birla SL ELSS Tax Saver Fund(G),2023-12-31T00:00:00.000Z,14917.96,120056,2023-09-30T00:00:00.000Z,496531,1.91
Aditya Birla SL ELSS Tax Saver Fund(G),2023-12-31T00:00:00.000Z,14917.96,106285,2023-09-30T00:00:00.000Z,467227,1.76
Aditya Birla SL ELSS Tax Saver Fund(G),2023-12-31T00:00:00.000Z,14917.96,100520,2023-09-30T00:00:00.000Z,1484660,1.63
Aditya Birla SL ELSS Tax Saver Fund(G),2023-12-31T00:00:00.000Z,14917.96,124715,2023-09-30T00:00:00.000Z,1821900,1.49
Aditya Birla SL ELSS Tax Saver Fund(G),2023-12-31T00:00:00.000Z,14917.96,278580,2023-09-30T00:00:00.000Z,21397336,1.44
Aditya Birla SL ELSS Tax Saver Fund(G),2023-12-31T00:00:00.000Z,14917.96,100660,2023-09-30T00:00:00.000Z,1318416,1.44
Aditya Birla SL ELSS Tax Saver Fund(G),2023-12-31T00:00:00.000Z,14917.96,132500,2023-09-30T00:00:00.000Z,185429,1.39
Aditya Birla SL ELSS Tax Saver Fund(G),2023-12-31T00:00:00.000Z,14917.96,131344,2023-09-30T00:00:00.000Z,2726849,1.38
Aditya Birla SL ELSS Tax Saver Fund(G),2023-12-31T00:00:00.000Z,14917.96,100680,2023-09-30T00:00:00.000Z,504633,1.37
Aditya Birla SL ELSS Tax Saver Fund(G),2023-12-31T00:00:00.000Z,14917.96,100114,2023-09-30T00:00:00.000Z,616524,1.37
Aditya Birla SL ELSS Tax Saver Fund(G),2023-12-31T00:00:00.000Z,14917.96,100413,2023-09-30T00:00:00.000Z,15997538,1.35
Aditya Birla SL ELSS Tax Saver Fund(G),2023-12-31T00:00:00.000Z,14917.96,132187,2023-09-30T00:00:00.000Z,1330106,1.34
Aditya Birla SL ELSS Tax Saver Fund(G),2023-12-31T00:00:00.000Z,14917.96,132538,2023-09-30T00:00:00.000Z,212449,1.24
Aditya Birla SL ELSS Tax Saver Fund(G),2023-12-31T00:00:00.000Z,14917.96,100570,2023-09-30T00:00:00.000Z,2676335,1.19
Aditya Birla SL ELSS Tax Saver Fund(G),2023-12-31T00:00:00.000Z,14917.96,132835,2023-09-30T00:00:00.000Z,299819,1.16
Aditya Birla SL ELSS Tax Saver Fund(G),2023-12-31T00:00:00.000Z,14917.96,100470,2023-09-30T00:00:00.000Z,12551780,1.14
Aditya Birla SL ELSS Tax Saver Fund(G),2023-12-31T00:00:00.000Z,14917.96,100034,2023-09-30T00:00:00.000Z,194232,1.07
Aditya Birla SL ELSS Tax Saver Fund(G),2023-12-31T00:00:00.000Z,14917.96,123398,2023-09-30T00:00:00.000Z,1194512,1.03
Aditya Birla SL ELSS Tax Saver Fund(G),2023-12-31T00:00:00.000Z,14917.96,100087,2023-09-30T00:00:00.000Z,1205016,1.01
Aditya Birla SL ELSS Tax Saver Fund(G),2023-12-31T00:00:00.000Z,14917.96,132541,2023-09-30T00:00:00.000Z,276335,1.00
Aditya Birla SL ELSS Tax Saver Fund(G),2023-12-31T00:00:00.000Z,14917.96,100696,2023-09-30T00:00:00.000Z,568094,0.99
Aditya Birla SL ELSS Tax Saver Fund(G),2023-12-31T00:00:00.000Z,14917.96,132523,2023-09-30T00:00:00.000Z,5040563,0.97
Aditya Birla SL ELSS Tax Saver Fund(G),2023-12-31T00:00:00.000Z,14917.96,217389,2023-09-30T00:00:00.000Z,2140780,0.96
Aditya Birla SL ELSS Tax Saver Fund(G),2023-12-31T00:00:00.000Z,14917.96,103100,2023-09-30T00:00:00.000Z,742409,0.95
Aditya Birla SL ELSS Tax Saver Fund(G),2023-12-31T00:00:00.000Z,14917.96,222055,2023-09-30T00:00:00.000Z,565491,0.95
Aditya Birla SL ELSS Tax Saver Fund(G),2023-12-31T00:00:00.000Z,14917.96,100040,2023-09-30T00:00:00.000Z,1194945,0.94
Aditya Birla SL ELSS Tax Saver Fund(G),2023-12-31T00:00:00.000Z,14917.96,279527,2023-09-30T00:00:00.000Z,5152029,0.91
Aditya Birla SL ELSS Tax Saver Fund(G),2023-12-31T00:00:00.000Z,14917.96,132555,2023-09-30T00:00:00.000Z,4871553,0.84
Aditya Birla SL ELSS Tax Saver Fund(G),2023-12-31T00:00:00.000Z,14917.96,132504,2023-09-30T00:00:00.000Z,305745,0.81
Aditya Birla SL ELSS Tax Saver Fund(G),2023-12-31T00:00:00.000Z,14917.96,132432,2023-09-30T00:00:00.000Z,1124418,0.80
Aditya Birla SL ELSS Tax Saver Fund(G),2023-12-31T00:00:00.000Z,14917.96,254493,2023-09-30T00:00:00.000Z,1431478,0.77
Aditya Birla SL ELSS Tax Saver Fund(G),2023-12-31T00:00:00.000Z,14917.96,100096,2023-09-30T00:00:00.000Z,1931545,0.75
Aditya Birla SL ELSS Tax Saver Fund(G),2023-12-31T00:00:00.000Z,14917.96,208045,2023-09-30T00:00:00.000Z,4826248,0.73
Aditya Birla SL ELSS Tax Saver Fund(G),2023-12-31T00:00:00.000Z,14917.96,100530,2023-09-30T00:00:00.000Z,53790,0.72
Aditya Birla SL ELSS Tax Saver Fund(G),2023-12-31T00:00:00.000Z,14917.96,302988,2023-09-30T00:00:00.000Z,6559758,0.71
Aditya Birla SL ELSS Tax Saver Fund(G),2023-12-31T00:00:00.000Z,14917.96,217400,2023-09-30T00:00:00.000Z,1569000,0.67
Aditya Birla SL ELSS Tax Saver Fund(G),2023-12-31T00:00:00.000Z,14917.96,215367,2023-09-30T00:00:00.000Z,1704515,0.64
Aditya Birla SL ELSS Tax Saver Fund(G),2023-12-31T00:00:00.000Z,14917.96,100825,2023-09-30T00:00:00.000Z,194863,0.62
Aditya Birla SL ELSS Tax Saver Fund(G),2023-12-31T00:00:00.000Z,14917.96,100387,2023-09-30T00:00:00.000Z,34508,0.62
Aditya Birla SL ELSS Tax Saver Fund(G),2023-12-31T00:00:00.000Z,14917.96,100469,2023-09-30T00:00:00.000Z,5122636,0.53
Aditya Birla SL ELSS Tax Saver Fund(G),2023-12-31T00:00:00.000Z,14917.96,296214,2023-09-30T00:00:00.000Z,5703419,0.50
Aditya Birla SL ELSS Tax Saver Fund(G),2023-12-31T00:00:00.000Z,14917.96,117334,2023-09-30T00:00:00.000Z,5308983,0.36
Aditya Birla SL ELSS Tax Saver Fund(G),2023-12-31T00:00:00.000Z,14917.96,214179,2023-09-30T00:00:00.000Z,817305,0.34
Aditya Birla SL ELSS Tax Saver Fund(G),2023-12-31T00:00:00.000Z,14917.96,229365,2023-09-30T00:00:00.000Z,1960227,0.32
Aditya Birla SL ELSS Tax Saver Fund(G),2023-12-31T00:00:00.000Z,14917.96,311720,2023-09-30T00:00:00.000Z,526467,0.30
Aditya Birla SL ELSS Tax Saver Fund(G),2023-12-31T00:00:00.000Z,14917.96,252306,2023-09-30T00:00:00.000Z,4095546,0.29
Aditya Birla SL ELSS Tax Saver Fund(G),2023-12-31T00:00:00.000Z,14917.96,111243,2023-09-30T00:00:00.000Z,288015,0.25
Aditya Birla SL ELSS Tax Saver Fund(G),2023-12-31T00:00:00.000Z,14917.96,242461,2023-09-30T00:00:00.000Z,829035,0.11
Bandhan ELSS Tax Saver Fund-Reg(G),2023-12-31T00:00:00.000Z,5748.89,100180,2023-12-31T00:00:00.000Z,2200000,6.54
Bandhan ELSS Tax Saver Fund-Reg(G),2023-12-31T00:00:00.000Z,5748.89,132174,2023-12-31T00:00:00.000Z,3400000,5.89
Bandhan ELSS Tax Saver Fund-Reg(G),2023-12-31T00:00:00.000Z,5748.89,100325,2023-12-31T00:00:00.000Z,1050000,4.72
Bandhan ELSS Tax Saver Fund-Reg(G),2023-12-31T00:00:00.000Z,5748.89,132215,2023-12-31T00:00:00.000Z,2200000,4.22
Bandhan ELSS Tax Saver Fund-Reg(G),2023-12-31T00:00:00.000Z,5748.89,100209,2023-12-31T00:00:00.000Z,1400000,3.76
Bandhan ELSS Tax Saver Fund-Reg(G),2023-12-31T00:00:00.000Z,5748.89,100570,2023-12-31T00:00:00.000Z,2300000,3.12
Bandhan ELSS Tax Saver Fund-Reg(G),2023-12-31T00:00:00.000Z,5748.89,100112,2023-12-31T00:00:00.000Z,2300000,2.57
Bandhan ELSS Tax Saver Fund-Reg(G),2023-12-31T00:00:00.000Z,5748.89,132454,2023-12-31T00:00:00.000Z,1275000,2.29
Bandhan ELSS Tax Saver Fund-Reg(G),2023-12-31T00:00:00.000Z,5748.89,132555,2023-12-31T00:00:00.000Z,4000000,2.16
Bandhan ELSS Tax Saver Fund-Reg(G),2023-12-31T00:00:00.000Z,5748.89,132540,2023-12-31T00:00:00.000Z,321877,2.12
Bandhan ELSS Tax Saver Fund-Reg(G),2023-12-31T00:00:00.000Z,5748.89,132286,2023-12-31T00:00:00.000Z,1500000,1.95
Bandhan ELSS Tax Saver Fund-Reg(G),2023-12-31T00:00:00.000Z,5748.89,100087,2023-12-31T00:00:00.000Z,850000,1.84
Bandhan ELSS Tax Saver Fund-Reg(G),2023-12-31T00:00:00.000Z,5748.89,132281,2023-12-31T00:00:00.000Z,700000,1.79
Bandhan ELSS Tax Saver Fund-Reg(G),2023-12-31T00:00:00.000Z,5748.89,100093,2023-12-31T00:00:00.000Z,2250000,1.78
Bandhan ELSS Tax Saver Fund-Reg(G),2023-12-31T00:00:00.000Z,5748.89,295732,2023-12-31T00:00:00.000Z,2300000,1.71
Bandhan ELSS Tax Saver Fund-Reg(G),2023-12-31T00:00:00.000Z,5748.89,132432,2023-12-31T00:00:00.000Z,850000,1.65
Bandhan ELSS Tax Saver Fund-Reg(G),2023-12-31T00:00:00.000Z,5748.89,209587,2023-12-31T00:00:00.000Z,1200000,1.61
Bandhan ELSS Tax Saver Fund-Reg(G),2023-12-31T00:00:00.000Z,5748.89,124715,2023-12-31T00:00:00.000Z,700000,1.53
Bandhan ELSS Tax Saver Fund-Reg(G),2023-12-31T00:00:00.000Z,5748.89,124000,2023-12-31T00:00:00.000Z,2023800,1.53
Bandhan ELSS Tax Saver Fund-Reg(G),2023-12-31T00:00:00.000Z,5748.89,100247,2023-12-31T00:00:00.000Z,450000,1.49
Bandhan ELSS Tax Saver Fund-Reg(G),2023-12-31T00:00:00.000Z,5748.89,217379,2023-12-31T00:00:00.000Z,600000,1.48
Bandhan ELSS Tax Saver Fund-Reg(G),2023-12-31T00:00:00.000Z,5748.89,132714,2023-12-31T00:00:00.000Z,1407736,1.44
Bandhan ELSS Tax Saver Fund-Reg(G),2023-12-31T00:00:00.000Z,5748.89,100875,2023-12-31T00:00:00.000Z,1775000,1.43
Bandhan ELSS Tax Saver Fund-Reg(G),2023-12-31T00:00:00.000Z,5748.89,223595,2023-12-31T00:00:00.000Z,200000,1.42
Bandhan ELSS Tax Saver Fund-Reg(G),2023-12-31T00:00:00.000Z,5748.89,100530,2023-12-31T00:00:00.000Z,35000,1.35
Bandhan ELSS Tax Saver Fund-Reg(G),2023-12-31T00:00:00.000Z,5748.89,132500,2023-12-31T00:00:00.000Z,75000,1.34
Bandhan ELSS Tax Saver Fund-Reg(G),2023-12-31T00:00:00.000Z,5748.89,100260,2023-12-31T00:00:00.000Z,750000,1.33
Bandhan ELSS Tax Saver Fund-Reg(G),2023-12-31T00:00:00.000Z,5748.89,132755,2023-12-31T00:00:00.000Z,600000,1.33
Bandhan ELSS Tax Saver Fund-Reg(G),2023-12-31T00:00:00.000Z,5748.89,132539,2023-12-31T00:00:00.000Z,1100000,1.32
Bandhan ELSS Tax Saver Fund-Reg(G),2023-12-31T00:00:00.000Z,5748.89,100294,2023-12-31T00:00:00.000Z,4510305,1.31
Bandhan ELSS Tax Saver Fund-Reg(G),2023-12-31T00:00:00.000Z,5748.89,100182,2023-12-31T00:00:00.000Z,180000,1.30
Bandhan ELSS Tax Saver Fund-Reg(G),2023-12-31T00:00:00.000Z,5748.89,100440,2023-12-31T00:00:00.000Z,1200000,1.28
Bandhan ELSS Tax Saver Fund-Reg(G),2023-12-31T00:00:00.000Z,5748.89,100257,2023-12-31T00:00:00.000Z,550000,1.27
Bandhan ELSS Tax Saver Fund-Reg(G),2023-12-31T00:00:00.000Z,5748.89,100124,2023-12-31T00:00:00.000Z,125000,1.26
Bandhan ELSS Tax Saver Fund-Reg(G),2023-12-31T00:00:00.000Z,5748.89,100800,2023-12-31T00:00:00.000Z,650000,1.23
Bandhan ELSS Tax Saver Fund-Reg(G),2023-12-31T00:00:00.000Z,5748.89,100850,2023-12-31T00:00:00.000Z,1600000,1.22
Bandhan ELSS Tax Saver Fund-Reg(G),2023-12-31T00:00:00.000Z,5748.89,100245,2023-12-31T00:00:00.000Z,1225000,1.18
Bandhan ELSS Tax Saver Fund-Reg(G),2023-12-31T00:00:00.000Z,5748.89,100840,2023-12-31T00:00:00.000Z,2700000,1.17
Bandhan ELSS Tax Saver Fund-Reg(G),2023-12-31T00:00:00.000Z,5748.89,209165,2023-12-31T00:00:00.000Z,1350000,1.16
Bandhan ELSS Tax Saver Fund-Reg(G),2023-12-31T00:00:00.000Z,5748.89,109488,2023-12-31T00:00:00.000Z,1200000,1.15
Bandhan ELSS Tax Saver Fund-Reg(G),2023-12-31T00:00:00.000Z,5748.89,217389,2023-12-31T00:00:00.000Z,1000000,1.12
Bandhan ELSS Tax Saver Fund-Reg(G),2023-12-31T00:00:00.000Z,5748.89,100300,2023-12-31T00:00:00.000Z,300000,1.11
Bandhan ELSS Tax Saver Fund-Reg(G),2023-12-31T00:00:00.000Z,5748.89,100034,2023-12-31T00:00:00.000Z,85000,1.08
Bandhan ELSS Tax Saver Fund-Reg(G),2023-12-31T00:00:00.000Z,5748.89,132478,2023-12-31T00:00:00.000Z,335000,1.04
Bandhan ELSS Tax Saver Fund-Reg(G),2023-12-31T00:00:00.000Z,5748.89,226625,2023-12-31T00:00:00.000Z,660000,1.00
Bandhan ELSS Tax Saver Fund-Reg(G),2023-12-31T00:00:00.000Z,5748.89,284184,2023-12-31T00:00:00.000Z,683997,0.91
Bandhan ELSS Tax Saver Fund-Reg(G),2023-12-31T00:00:00.000Z,5748.89,106401,2023-12-31T00:00:00.000Z,200000,0.86
Bandhan ELSS Tax Saver Fund-Reg(G),2023-12-31T00:00:00.000Z,5748.89,132720,2023-12-31T00:00:00.000Z,1700000,0.82
Bandhan ELSS Tax Saver Fund-Reg(G),2023-12-31T00:00:00.000Z,5748.89,131761,2023-12-31T00:00:00.000Z,670000,0.80
Bandhan ELSS Tax Saver Fund-Reg(G),2023-12-31T00:00:00.000Z,5748.89,271867,2023-12-31T00:00:00.000Z,1000000,0.75
Bandhan ELSS Tax Saver Fund-Reg(G),2023-12-31T00:00:00.000Z,5748.89,112573,2023-12-31T00:00:00.000Z,900000,0.66
Bandhan ELSS Tax Saver Fund-Reg(G),2023-12-31T00:00:00.000Z,5748.89,132868,2023-12-31T00:00:00.000Z,500000,0.63
Bandhan ELSS Tax Saver Fund-Reg(G),2023-12-31T00:00:00.000Z,5748.89,132777,2023-12-31T00:00:00.000Z,70000,0.63
Bandhan ELSS Tax Saver Fund-Reg(G),2023-12-31T00:00:00.000Z,5748.89,216147,2023-12-31T00:00:00.000Z,900000,0.60
Bandhan ELSS Tax Saver Fund-Reg(G),2023-12-31T00:00:00.000Z,5748.89,221554,2023-12-31T00:00:00.000Z,2250000,0.57
Bandhan ELSS Tax Saver Fund-Reg(G),2023-12-31T00:00:00.000Z,5748.89,211385,2023-12-31T00:00:00.000Z,200000,0.50
Bandhan ELSS Tax Saver Fund-Reg(G),2023-12-31T00:00:00.000Z,5748.89,100550,2023-12-31T00:00:00.000Z,70000,0.49
Bandhan ELSS Tax Saver Fund-Reg(G),2023-12-31T00:00:00.000Z,5748.89,132898,2023-12-31T00:00:00.000Z,1000000,0.41
Bandhan ELSS Tax Saver Fund-Reg(G),2023-12-31T00:00:00.000Z,5748.89,200075,2023-12-31T00:00:00.000Z,650000,0.40
Bandhan ELSS Tax Saver Fund-Reg(G),2023-12-31T00:00:00.000Z,5748.89,100096,2023-12-31T00:00:00.000Z,400000,0.39
Bandhan ELSS Tax Saver Fund-Reg(G),2023-12-31T00:00:00.000Z,5748.89,132667,2023-12-31T00:00:00.000Z,5000000,0.33
Bandhan ELSS Tax Saver Fund-Reg(G),2023-12-31T00:00:00.000Z,5748.89,132174,2023-11-30T00:00:00.000Z,3800000,6.58
Bandhan ELSS Tax Saver Fund-Reg(G),2023-12-31T00:00:00.000Z,5748.89,100180,2023-11-30T00:00:00.000Z,1900000,5.48
Bandhan ELSS Tax Saver Fund-Reg(G),2023-12-31T00:00:00.000Z,5748.89,100325,2023-11-30T00:00:00.000Z,1000000,4.40
Bandhan ELSS Tax Saver Fund-Reg(G),2023-12-31T00:00:00.000Z,5748.89,132215,2023-11-30T00:00:00.000Z,2200000,4.37
Bandhan ELSS Tax Saver Fund-Reg(G),2023-12-31T00:00:00.000Z,5748.89,100209,2023-11-30T00:00:00.000Z,1400000,3.77
Bandhan ELSS Tax Saver Fund-Reg(G),2023-12-31T00:00:00.000Z,5748.89,100570,2023-11-30T00:00:00.000Z,2400000,3.14
Bandhan ELSS Tax Saver Fund-Reg(G),2023-12-31T00:00:00.000Z,5748.89,100112,2023-11-30T00:00:00.000Z,2300000,2.40
Bandhan ELSS Tax Saver Fund-Reg(G),2023-12-31T00:00:00.000Z,5748.89,132454,2023-11-30T00:00:00.000Z,1275000,2.39
Bandhan ELSS Tax Saver Fund-Reg(G),2023-12-31T00:00:00.000Z,5748.89,132540,2023-11-30T00:00:00.000Z,325000,2.10
Bandhan ELSS Tax Saver Fund-Reg(G),2023-12-31T00:00:00.000Z,5748.89,132555,2023-11-30T00:00:00.000Z,4000000,1.93
Bandhan ELSS Tax Saver Fund-Reg(G),2023-12-31T00:00:00.000Z,5748.89,100087,2023-11-30T00:00:00.000Z,850000,1.91
Bandhan ELSS Tax Saver Fund-Reg(G),2023-12-31T00:00:00.000Z,5748.89,100093,2023-11-30T00:00:00.000Z,2250000,1.87
Bandhan ELSS Tax Saver Fund-Reg(G),2023-12-31T00:00:00.000Z,5748.89,132286,2023-11-30T00:00:00.000Z,1500000,1.86
Bandhan ELSS Tax Saver Fund-Reg(G),2023-12-31T00:00:00.000Z,5748.89,132281,2023-11-30T00:00:00.000Z,700000,1.74
Bandhan ELSS Tax Saver Fund-Reg(G),2023-12-31T00:00:00.000Z,5748.89,124000,2023-11-30T00:00:00.000Z,2200000,1.67
Bandhan ELSS Tax Saver Fund-Reg(G),2023-12-31T00:00:00.000Z,5748.89,209587,2023-11-30T00:00:00.000Z,1265584,1.66
Bandhan ELSS Tax Saver Fund-Reg(G),2023-12-31T00:00:00.000Z,5748.89,132432,2023-11-30T00:00:00.000Z,850000,1.65
Bandhan ELSS Tax Saver Fund-Reg(G),2023-12-31T00:00:00.000Z,5748.89,217379,2023-11-30T00:00:00.000Z,600000,1.64
Bandhan ELSS Tax Saver Fund-Reg(G),2023-12-31T00:00:00.000Z,5748.89,124715,2023-11-30T00:00:00.000Z,700000,1.59
Bandhan ELSS Tax Saver Fund-Reg(G),2023-12-31T00:00:00.000Z,5748.89,132714,2023-11-30T00:00:00.000Z,1452506,1.55
Bandhan ELSS Tax Saver Fund-Reg(G),2023-12-31T00:00:00.000Z,5748.89,100294,2023-11-30T00:00:00.000Z,5000000,1.54
Bandhan ELSS Tax Saver Fund-Reg(G),2023-12-31T00:00:00.000Z,5748.89,223595,2023-11-30T00:00:00.000Z,200000,1.46
Bandhan ELSS Tax Saver Fund-Reg(G),2023-12-31T00:00:00.000Z,5748.89,209165,2023-11-30T00:00:00.000Z,1503570,1.40
Bandhan ELSS Tax Saver Fund-Reg(G),2023-12-31T00:00:00.000Z,5748.89,100530,2023-11-30T00:00:00.000Z,35000,1.40
Bandhan ELSS Tax Saver Fund-Reg(G),2023-12-31T00:00:00.000Z,5748.89,100260,2023-11-30T00:00:00.000Z,750000,1.38
Bandhan ELSS Tax Saver Fund-Reg(G),2023-12-31T00:00:00.000Z,5748.89,100875,2023-11-30T00:00:00.000Z,1700000,1.37
Bandhan ELSS Tax Saver Fund-Reg(G),2023-12-31T00:00:00.000Z,5748.89,132539,2023-11-30T00:00:00.000Z,1100000,1.37
Bandhan ELSS Tax Saver Fund-Reg(G),2023-12-31T00:00:00.000Z,5748.89,295732,2023-11-30T00:00:00.000Z,2100000,1.34
Bandhan ELSS Tax Saver Fund-Reg(G),2023-12-31T00:00:00.000Z,5748.89,100257,2023-11-30T00:00:00.000Z,550000,1.30
Bandhan ELSS Tax Saver Fund-Reg(G),2023-12-31T00:00:00.000Z,5748.89,100247,2023-11-30T00:00:00.000Z,400000,1.30
Bandhan ELSS Tax Saver Fund-Reg(G),2023-12-31T00:00:00.000Z,5748.89,217389,2023-11-30T00:00:00.000Z,1000000,1.28
Bandhan ELSS Tax Saver Fund-Reg(G),2023-12-31T00:00:00.000Z,5748.89,132500,2023-11-30T00:00:00.000Z,65000,1.28
Bandhan ELSS Tax Saver Fund-Reg(G),2023-12-31T00:00:00.000Z,5748.89,100182,2023-11-30T00:00:00.000Z,180000,1.27
Bandhan ELSS Tax Saver Fund-Reg(G),2023-12-31T00:00:00.000Z,5748.89,100850,2023-11-30T00:00:00.000Z,1600000,1.25
Bandhan ELSS Tax Saver Fund-Reg(G),2023-12-31T00:00:00.000Z,5748.89,132755,2023-11-30T00:00:00.000Z,550000,1.24
Bandhan ELSS Tax Saver Fund-Reg(G),2023-12-31T00:00:00.000Z,5748.89,100245,2023-11-30T00:00:00.000Z,1212274,1.20
Bandhan ELSS Tax Saver Fund-Reg(G),2023-12-31T00:00:00.000Z,5748.89,100840,2023-11-30T00:00:00.000Z,2700000,1.19
Bandhan ELSS Tax Saver Fund-Reg(G),2023-12-31T00:00:00.000Z,5748.89,100124,2023-11-30T00:00:00.000Z,110000,1.18
Bandhan ELSS Tax Saver Fund-Reg(G),2023-12-31T00:00:00.000Z,5748.89,100440,2023-11-30T00:00:00.000Z,1200000,1.15
Bandhan ELSS Tax Saver Fund-Reg(G),2023-12-31T00:00:00.000Z,5748.89,100800,2023-11-30T00:00:00.000Z,650000,1.13
Bandhan ELSS Tax Saver Fund-Reg(G),2023-12-31T00:00:00.000Z,5748.89,100034,2023-11-30T00:00:00.000Z,85000,1.12
Bandhan ELSS Tax Saver Fund-Reg(G),2023-12-31T00:00:00.000Z,5748.89,109488,2023-11-30T00:00:00.000Z,1200000,1.12
Bandhan ELSS Tax Saver Fund-Reg(G),2023-12-31T00:00:00.000Z,5748.89,100300,2023-11-30T00:00:00.000Z,300000,1.11
Bandhan ELSS Tax Saver Fund-Reg(G),2023-12-31T00:00:00.000Z,5748.89,226625,2023-11-30T00:00:00.000Z,660000,1.03
Bandhan ELSS Tax Saver Fund-Reg(G),2023-12-31T00:00:00.000Z,5748.89,132478,2023-11-30T00:00:00.000Z,335000,1.02
Bandhan ELSS Tax Saver Fund-Reg(G),2023-12-31T00:00:00.000Z,5748.89,284184,2023-11-30T00:00:00.000Z,684340,0.95
Bandhan ELSS Tax Saver Fund-Reg(G),2023-12-31T00:00:00.000Z,5748.89,131761,2023-11-30T00:00:00.000Z,670000,0.85
Bandhan ELSS Tax Saver Fund-Reg(G),2023-12-31T00:00:00.000Z,5748.89,106401,2023-11-30T00:00:00.000Z,200000,0.81
Bandhan ELSS Tax Saver Fund-Reg(G),2023-12-31T00:00:00.000Z,5748.89,132720,2023-11-30T00:00:00.000Z,1600000,0.81
Bandhan ELSS Tax Saver Fund-Reg(G),2023-12-31T00:00:00.000Z,5748.89,271867,2023-11-30T00:00:00.000Z,1100000,0.78
Bandhan ELSS Tax Saver Fund-Reg(G),2023-12-31T00:00:00.000Z,5748.89,112573,2023-11-30T00:00:00.000Z,900000,0.65
Bandhan ELSS Tax Saver Fund-Reg(G),2023-12-31T00:00:00.000Z,5748.89,216147,2023-11-30T00:00:00.000Z,943463,0.64
Bandhan ELSS Tax Saver Fund-Reg(G),2023-12-31T00:00:00.000Z,5748.89,132667,2023-11-30T00:00:00.000Z,8000000,0.60
Bandhan ELSS Tax Saver Fund-Reg(G),2023-12-31T00:00:00.000Z,5748.89,132868,2023-11-30T00:00:00.000Z,500000,0.58
Bandhan ELSS Tax Saver Fund-Reg(G),2023-12-31T00:00:00.000Z,5748.89,221554,2023-11-30T00:00:00.000Z,2100000,0.53
Bandhan ELSS Tax Saver Fund-Reg(G),2023-12-31T00:00:00.000Z,5748.89,100550,2023-11-30T00:00:00.000Z,70000,0.47
Bandhan ELSS Tax Saver Fund-Reg(G),2023-12-31T00:00:00.000Z,5748.89,200075,2023-11-30T00:00:00.000Z,650000,0.46
Bandhan ELSS Tax Saver Fund-Reg(G),2023-12-31T00:00:00.000Z,5748.89,100770,2023-11-30T00:00:00.000Z,100000,0.18
Bandhan ELSS Tax Saver Fund-Reg(G),2023-12-31T00:00:00.000Z,5748.89,132174,2023-10-31T00:00:00.000Z,3800000,6.90
Bandhan ELSS Tax Saver Fund-Reg(G),2023-12-31T00:00:00.000Z,5748.89,100180,2023-10-31T00:00:00.000Z,1900000,5.57
Bandhan ELSS Tax Saver Fund-Reg(G),2023-12-31T00:00:00.000Z,5748.89,100325,2023-10-31T00:00:00.000Z,950000,4.31
Bandhan ELSS Tax Saver Fund-Reg(G),2023-12-31T00:00:00.000Z,5748.89,132215,2023-10-31T00:00:00.000Z,2000000,3.90
Bandhan ELSS Tax Saver Fund-Reg(G),2023-12-31T00:00:00.000Z,5748.89,100209,2023-10-31T00:00:00.000Z,1400000,3.80
Bandhan ELSS Tax Saver Fund-Reg(G),2023-12-31T00:00:00.000Z,5748.89,100570,2023-10-31T00:00:00.000Z,2500000,3.12
Bandhan ELSS Tax Saver Fund-Reg(G),2023-12-31T00:00:00.000Z,5748.89,100112,2023-10-31T00:00:00.000Z,2700000,3.03
Bandhan ELSS Tax Saver Fund-Reg(G),2023-12-31T00:00:00.000Z,5748.89,132454,2023-10-31T00:00:00.000Z,1275000,2.31
Bandhan ELSS Tax Saver Fund-Reg(G),2023-12-31T00:00:00.000Z,5748.89,132540,2023-10-31T00:00:00.000Z,325000,2.17
Bandhan ELSS Tax Saver Fund-Reg(G),2023-12-31T00:00:00.000Z,5748.89,132714,2023-10-31T00:00:00.000Z,1575000,1.96
Bandhan ELSS Tax Saver Fund-Reg(G),2023-12-31T00:00:00.000Z,5748.89,100087,2023-10-31T00:00:00.000Z,800000,1.90
Bandhan ELSS Tax Saver Fund-Reg(G),2023-12-31T00:00:00.000Z,5748.89,132286,2023-10-31T00:00:00.000Z,1500000,1.89
Bandhan ELSS Tax Saver Fund-Reg(G),2023-12-31T00:00:00.000Z,5748.89,132555,2023-10-31T00:00:00.000Z,4000000,1.87
Bandhan ELSS Tax Saver Fund-Reg(G),2023-12-31T00:00:00.000Z,5748.89,100093,2023-10-31T00:00:00.000Z,2318035,1.79
Bandhan ELSS Tax Saver Fund-Reg(G),2023-12-31T00:00:00.000Z,5748.89,132281,2023-10-31T00:00:00.000Z,700000,1.77
Bandhan ELSS Tax Saver Fund-Reg(G),2023-12-31T00:00:00.000Z,5748.89,209587,2023-10-31T00:00:00.000Z,1335846,1.76
Bandhan ELSS Tax Saver Fund-Reg(G),2023-12-31T00:00:00.000Z,5748.89,132432,2023-10-31T00:00:00.000Z,850000,1.74
Bandhan ELSS Tax Saver Fund-Reg(G),2023-12-31T00:00:00.000Z,5748.89,100260,2023-10-31T00:00:00.000Z,850000,1.67
Bandhan ELSS Tax Saver Fund-Reg(G),2023-12-31T00:00:00.000Z,5748.89,217379,2023-10-31T00:00:00.000Z,600000,1.64
Bandhan ELSS Tax Saver Fund-Reg(G),2023-12-31T00:00:00.000Z,5748.89,124000,2023-10-31T00:00:00.000Z,2300000,1.61
Bandhan ELSS Tax Saver Fund-Reg(G),2023-12-31T00:00:00.000Z,5748.89,124715,2023-10-31T00:00:00.000Z,700000,1.51
Bandhan ELSS Tax Saver Fund-Reg(G),2023-12-31T00:00:00.000Z,5748.89,100294,2023-10-31T00:00:00.000Z,5200000,1.49
Bandhan ELSS Tax Saver Fund-Reg(G),2023-12-31T00:00:00.000Z,5748.89,295732,2023-10-31T00:00:00.000Z,2100000,1.48
Bandhan ELSS Tax Saver Fund-Reg(G),2023-12-31T00:00:00.000Z,5748.89,100875,2023-10-31T00:00:00.000Z,1600000,1.36
Bandhan ELSS Tax Saver Fund-Reg(G),2023-12-31T00:00:00.000Z,5748.89,100530,2023-10-31T00:00:00.000Z,35000,1.35
Bandhan ELSS Tax Saver Fund-Reg(G),2023-12-31T00:00:00.000Z,5748.89,132539,2023-10-31T00:00:00.000Z,1100000,1.27
Bandhan ELSS Tax Saver Fund-Reg(G),2023-12-31T00:00:00.000Z,5748.89,132755,2023-10-31T00:00:00.000Z,550000,1.24
Bandhan ELSS Tax Saver Fund-Reg(G),2023-12-31T00:00:00.000Z,5748.89,100257,2023-10-31T00:00:00.000Z,550000,1.23
Bandhan ELSS Tax Saver Fund-Reg(G),2023-12-31T00:00:00.000Z,5748.89,209165,2023-10-31T00:00:00.000Z,1704269,1.23
Bandhan ELSS Tax Saver Fund-Reg(G),2023-12-31T00:00:00.000Z,5748.89,217389,2023-10-31T00:00:00.000Z,1000000,1.23
Bandhan ELSS Tax Saver Fund-Reg(G),2023-12-31T00:00:00.000Z,5748.89,100850,2023-10-31T00:00:00.000Z,1600000,1.22
Bandhan ELSS Tax Saver Fund-Reg(G),2023-12-31T00:00:00.000Z,5748.89,132667,2023-10-31T00:00:00.000Z,20000000,1.21
Bandhan ELSS Tax Saver Fund-Reg(G),2023-12-31T00:00:00.000Z,5748.89,100247,2023-10-31T00:00:00.000Z,350000,1.21
Bandhan ELSS Tax Saver Fund-Reg(G),2023-12-31T00:00:00.000Z,5748.89,100840,2023-10-31T00:00:00.000Z,2700000,1.21
Bandhan ELSS Tax Saver Fund-Reg(G),2023-12-31T00:00:00.000Z,5748.89,100124,2023-10-31T00:00:00.000Z,110000,1.17
Bandhan ELSS Tax Saver Fund-Reg(G),2023-12-31T00:00:00.000Z,5748.89,100800,2023-10-31T00:00:00.000Z,650000,1.16
Bandhan ELSS Tax Saver Fund-Reg(G),2023-12-31T00:00:00.000Z,5748.89,271867,2023-10-31T00:00:00.000Z,1600000,1.15
Bandhan ELSS Tax Saver Fund-Reg(G),2023-12-31T00:00:00.000Z,5748.89,226625,2023-10-31T00:00:00.000Z,660000,1.15
Bandhan ELSS Tax Saver Fund-Reg(G),2023-12-31T00:00:00.000Z,5748.89,100245,2023-10-31T00:00:00.000Z,1200000,1.13
Bandhan ELSS Tax Saver Fund-Reg(G),2023-12-31T00:00:00.000Z,5748.89,100300,2023-10-31T00:00:00.000Z,300000,1.12
Bandhan ELSS Tax Saver Fund-Reg(G),2023-12-31T00:00:00.000Z,5748.89,109488,2023-10-31T00:00:00.000Z,1200116,1.11
Bandhan ELSS Tax Saver Fund-Reg(G),2023-12-31T00:00:00.000Z,5748.89,100182,2023-10-31T00:00:00.000Z,180000,1.10
Bandhan ELSS Tax Saver Fund-Reg(G),2023-12-31T00:00:00.000Z,5748.89,100440,2023-10-31T00:00:00.000Z,1200000,1.09
Bandhan ELSS Tax Saver Fund-Reg(G),2023-12-31T00:00:00.000Z,5748.89,223595,2023-10-31T00:00:00.000Z,150000,1.08
Bandhan ELSS Tax Saver Fund-Reg(G),2023-12-31T00:00:00.000Z,5748.89,132478,2023-10-31T00:00:00.000Z,335000,1.07
Bandhan ELSS Tax Saver Fund-Reg(G),2023-12-31T00:00:00.000Z,5748.89,132500,2023-10-31T00:00:00.000Z,50000,1.03
Bandhan ELSS Tax Saver Fund-Reg(G),2023-12-31T00:00:00.000Z,5748.89,284184,2023-10-31T00:00:00.000Z,684340,1.02
Bandhan ELSS Tax Saver Fund-Reg(G),2023-12-31T00:00:00.000Z,5748.89,100770,2023-10-31T00:00:00.000Z,500000,0.95
Bandhan ELSS Tax Saver Fund-Reg(G),2023-12-31T00:00:00.000Z,5748.89,131761,2023-10-31T00:00:00.000Z,670000,0.88
Bandhan ELSS Tax Saver Fund-Reg(G),2023-12-31T00:00:00.000Z,5748.89,216147,2023-10-31T00:00:00.000Z,1299000,0.88
Bandhan ELSS Tax Saver Fund-Reg(G),2023-12-31T00:00:00.000Z,5748.89,106401,2023-10-31T00:00:00.000Z,200000,0.79
Bandhan ELSS Tax Saver Fund-Reg(G),2023-12-31T00:00:00.000Z,5748.89,112573,2023-10-31T00:00:00.000Z,890000,0.71
Bandhan ELSS Tax Saver Fund-Reg(G),2023-12-31T00:00:00.000Z,5748.89,132720,2023-10-31T00:00:00.000Z,1400000,0.68
Bandhan ELSS Tax Saver Fund-Reg(G),2023-12-31T00:00:00.000Z,5748.89,100493,2023-10-31T00:00:00.000Z,285991,0.58
Bandhan ELSS Tax Saver Fund-Reg(G),2023-12-31T00:00:00.000Z,5748.89,200075,2023-10-31T00:00:00.000Z,650000,0.50
Bandhan ELSS Tax Saver Fund-Reg(G),2023-12-31T00:00:00.000Z,5748.89,221554,2023-10-31T00:00:00.000Z,1457400,0.37
Bandhan ELSS Tax Saver Fund-Reg(G),2023-12-31T00:00:00.000Z,5748.89,104067,2023-10-31T00:00:00.000Z,200000,0.19
Bandhan ELSS Tax Saver Fund-Reg(G),2023-12-31T00:00:00.000Z,5748.89,132174,2023-09-30T00:00:00.000Z,3800000,7.01
Bandhan ELSS Tax Saver Fund-Reg(G),2023-12-31T00:00:00.000Z,5748.89,100180,2023-09-30T00:00:00.000Z,1900000,5.62
Bandhan ELSS Tax Saver Fund-Reg(G),2023-12-31T00:00:00.000Z,5748.89,100325,2023-09-30T00:00:00.000Z,900000,4.09
Bandhan ELSS Tax Saver Fund-Reg(G),2023-12-31T00:00:00.000Z,5748.89,132215,2023-09-30T00:00:00.000Z,2000000,4.02
Bandhan ELSS Tax Saver Fund-Reg(G),2023-12-31T00:00:00.000Z,5748.89,100209,2023-09-30T00:00:00.000Z,1400000,3.89
Bandhan ELSS Tax Saver Fund-Reg(G),2023-12-31T00:00:00.000Z,5748.89,100112,2023-09-30T00:00:00.000Z,2700000,3.13
Bandhan ELSS Tax Saver Fund-Reg(G),2023-12-31T00:00:00.000Z,5748.89,100570,2023-09-30T00:00:00.000Z,2500000,3.05
Bandhan ELSS Tax Saver Fund-Reg(G),2023-12-31T00:00:00.000Z,5748.89,132454,2023-09-30T00:00:00.000Z,1275000,2.29
Bandhan ELSS Tax Saver Fund-Reg(G),2023-12-31T00:00:00.000Z,5748.89,132540,2023-09-30T00:00:00.000Z,325000,2.22
Bandhan ELSS Tax Saver Fund-Reg(G),2023-12-31T00:00:00.000Z,5748.89,132286,2023-09-30T00:00:00.000Z,1600000,2.17
Bandhan ELSS Tax Saver Fund-Reg(G),2023-12-31T00:00:00.000Z,5748.89,132714,2023-09-30T00:00:00.000Z,1680049,2.16
Bandhan ELSS Tax Saver Fund-Reg(G),2023-12-31T00:00:00.000Z,5748.89,100093,2023-09-30T00:00:00.000Z,2400000,2.06
Bandhan ELSS Tax Saver Fund-Reg(G),2023-12-31T00:00:00.000Z,5748.89,209587,2023-09-30T00:00:00.000Z,1391611,1.94
Bandhan ELSS Tax Saver Fund-Reg(G),2023-12-31T00:00:00.000Z,5748.89,132555,2023-09-30T00:00:00.000Z,4000000,1.90
Bandhan ELSS Tax Saver Fund-Reg(G),2023-12-31T00:00:00.000Z,5748.89,100087,2023-09-30T00:00:00.000Z,800000,1.84
Bandhan ELSS Tax Saver Fund-Reg(G),2023-12-31T00:00:00.000Z,5748.89,100294,2023-09-30T00:00:00.000Z,5870811,1.76
Bandhan ELSS Tax Saver Fund-Reg(G),2023-12-31T00:00:00.000Z,5748.89,124000,2023-09-30T00:00:00.000Z,2300000,1.70
Bandhan ELSS Tax Saver Fund-Reg(G),2023-12-31T00:00:00.000Z,5748.89,132281,2023-09-30T00:00:00.000Z,700000,1.68
Bandhan ELSS Tax Saver Fund-Reg(G),2023-12-31T00:00:00.000Z,5748.89,132432,2023-09-30T00:00:00.000Z,850000,1.66
Bandhan ELSS Tax Saver Fund-Reg(G),2023-12-31T00:00:00.000Z,5748.89,100260,2023-09-30T00:00:00.000Z,900000,1.59
Bandhan ELSS Tax Saver Fund-Reg(G),2023-12-31T00:00:00.000Z,5748.89,124715,2023-09-30T00:00:00.000Z,700000,1.57
Bandhan ELSS Tax Saver Fund-Reg(G),2023-12-31T00:00:00.000Z,5748.89,295732,2023-09-30T00:00:00.000Z,2100000,1.55
Bandhan ELSS Tax Saver Fund-Reg(G),2023-12-31T00:00:00.000Z,5748.89,217379,2023-09-30T00:00:00.000Z,600000,1.52
Bandhan ELSS Tax Saver Fund-Reg(G),2023-12-31T00:00:00.000Z,5748.89,100257,2023-09-30T00:00:00.000Z,600000,1.36
Bandhan ELSS Tax Saver Fund-Reg(G),2023-12-31T00:00:00.000Z,5748.89,209165,2023-09-30T00:00:00.000Z,1722904,1.36
Bandhan ELSS Tax Saver Fund-Reg(G),2023-12-31T00:00:00.000Z,5748.89,100530,2023-09-30T00:00:00.000Z,35000,1.29
Bandhan ELSS Tax Saver Fund-Reg(G),2023-12-31T00:00:00.000Z,5748.89,132539,2023-09-30T00:00:00.000Z,1100000,1.28
Bandhan ELSS Tax Saver Fund-Reg(G),2023-12-31T00:00:00.000Z,5748.89,100850,2023-09-30T00:00:00.000Z,1600000,1.27
Bandhan ELSS Tax Saver Fund-Reg(G),2023-12-31T00:00:00.000Z,5748.89,132667,2023-09-30T00:00:00.000Z,25000000,1.25
Bandhan ELSS Tax Saver Fund-Reg(G),2023-12-31T00:00:00.000Z,5748.89,100875,2023-09-30T00:00:00.000Z,1400000,1.21
Bandhan ELSS Tax Saver Fund-Reg(G),2023-12-31T00:00:00.000Z,5748.89,100124,2023-09-30T00:00:00.000Z,110000,1.19
Bandhan ELSS Tax Saver Fund-Reg(G),2023-12-31T00:00:00.000Z,5748.89,109488,2023-09-30T00:00:00.000Z,1244079,1.19
Bandhan ELSS Tax Saver Fund-Reg(G),2023-12-31T00:00:00.000Z,5748.89,100840,2023-09-30T00:00:00.000Z,2700000,1.17
Bandhan ELSS Tax Saver Fund-Reg(G),2023-12-31T00:00:00.000Z,5748.89,100493,2023-09-30T00:00:00.000Z,550000,1.16
Bandhan ELSS Tax Saver Fund-Reg(G),2023-12-31T00:00:00.000Z,5748.89,100440,2023-09-30T00:00:00.000Z,1200000,1.15
Bandhan ELSS Tax Saver Fund-Reg(G),2023-12-31T00:00:00.000Z,5748.89,226625,2023-09-30T00:00:00.000Z,650000,1.14
Bandhan ELSS Tax Saver Fund-Reg(G),2023-12-31T00:00:00.000Z,5748.89,100245,2023-09-30T00:00:00.000Z,1200000,1.12
Bandhan ELSS Tax Saver Fund-Reg(G),2023-12-31T00:00:00.000Z,5748.89,100800,2023-09-30T00:00:00.000Z,650000,1.10
Bandhan ELSS Tax Saver Fund-Reg(G),2023-12-31T00:00:00.000Z,5748.89,271867,2023-09-30T00:00:00.000Z,1425000,1.09
Bandhan ELSS Tax Saver Fund-Reg(G),2023-12-31T00:00:00.000Z,5748.89,284184,2023-09-30T00:00:00.000Z,691494,1.07
Bandhan ELSS Tax Saver Fund-Reg(G),2023-12-31T00:00:00.000Z,5748.89,223595,2023-09-30T00:00:00.000Z,150000,1.07
Bandhan ELSS Tax Saver Fund-Reg(G),2023-12-31T00:00:00.000Z,5748.89,217389,2023-09-30T00:00:00.000Z,850000,1.05
Bandhan ELSS Tax Saver Fund-Reg(G),2023-12-31T00:00:00.000Z,5748.89,132500,2023-09-30T00:00:00.000Z,50000,1.03
Bandhan ELSS Tax Saver Fund-Reg(G),2023-12-31T00:00:00.000Z,5748.89,132478,2023-09-30T00:00:00.000Z,335000,1.01
Bandhan ELSS Tax Saver Fund-Reg(G),2023-12-31T00:00:00.000Z,5748.89,100247,2023-09-30T00:00:00.000Z,300000,1.01
Bandhan ELSS Tax Saver Fund-Reg(G),2023-12-31T00:00:00.000Z,5748.89,100182,2023-09-30T00:00:00.000Z,170000,1.01
Bandhan ELSS Tax Saver Fund-Reg(G),2023-12-31T00:00:00.000Z,5748.89,100770,2023-09-30T00:00:00.000Z,500000,1.00
Bandhan ELSS Tax Saver Fund-Reg(G),2023-12-31T00:00:00.000Z,5748.89,222055,2023-09-30T00:00:00.000Z,215000,0.99
Bandhan ELSS Tax Saver Fund-Reg(G),2023-12-31T00:00:00.000Z,5748.89,216147,2023-09-30T00:00:00.000Z,1349021,0.97
Bandhan ELSS Tax Saver Fund-Reg(G),2023-12-31T00:00:00.000Z,5748.89,100300,2023-09-30T00:00:00.000Z,250000,0.94
Bandhan ELSS Tax Saver Fund-Reg(G),2023-12-31T00:00:00.000Z,5748.89,131761,2023-09-30T00:00:00.000Z,670000,0.92
Bandhan ELSS Tax Saver Fund-Reg(G),2023-12-31T00:00:00.000Z,5748.89,106401,2023-09-30T00:00:00.000Z,200000,0.82
Bandhan ELSS Tax Saver Fund-Reg(G),2023-12-31T00:00:00.000Z,5748.89,112573,2023-09-30T00:00:00.000Z,860000,0.74
Bandhan ELSS Tax Saver Fund-Reg(G),2023-12-31T00:00:00.000Z,5748.89,104067,2023-09-30T00:00:00.000Z,624645,0.63
Bandhan ELSS Tax Saver Fund-Reg(G),2023-12-31T00:00:00.000Z,5748.89,200075,2023-09-30T00:00:00.000Z,650000,0.40
Bandhan ELSS Tax Saver Fund-Reg(G),2023-12-31T00:00:00.000Z,5748.89,132538,2023-09-30T00:00:00.000Z,17339,0.28
Bandhan ELSS Tax Saver Fund-Reg(G),2023-12-31T00:00:00.000Z,5748.89,132720,2023-09-30T00:00:00.000Z,200000,0.12
